{
    "version": "0.4",
    "title": "404",
    "type": "section",
    "metadata": {
        "template_type": "single-404",
        "include_in_zip": "1",
        "elementor_pro_required": null,
        "wp_page_template": "elementor_header_footer"
    },
    "content": [
        {
            "id": "281b06de",
            "settings": {
                "flex_direction": "row",
                "flex_gap": {
                    "unit": "px",
                    "size": 0,
                    "column": "0",
                    "row": "0",
                    "isLinked": true
                },
                "boxed_width": {
                    "unit": "px",
                    "size": 1350,
                    "sizes": []
                },
                "min_height": {
                    "unit": "vh",
                    "size": 0,
                    "sizes": []
                },
                "min_height_laptop": {
                    "unit": "vh",
                    "size": "",
                    "sizes": []
                },
                "min_height_tablet": {
                    "unit": "vh",
                    "size": "",
                    "sizes": []
                },
                "min_height_mobile": {
                    "unit": "vh",
                    "size": "",
                    "sizes": []
                },
                "flex_justify_content": "space-around",
                "flex_align_items": "stretch",
                "background_image": {
                    "id": "",
                    "url": ""
                },
                "background_position": "top right",
                "background_repeat": "no-repeat",
                "background_size": "cover",
                "background_overlay_background": "classic",
                "background_overlay_position": "top center",
                "background_overlay_size": "cover",
                "background_overlay_opacity": {
                    "unit": "px",
                    "size": 0.69999999999999996,
                    "sizes": []
                },
                "border_border": "none",
                "border_width": {
                    "unit": "px",
                    "top": "0",
                    "right": "0",
                    "bottom": "1",
                    "left": "0",
                    "isLinked": false
                },
                "padding": {
                    "unit": "em",
                    "top": "7",
                    "right": "0",
                    "bottom": "7",
                    "left": "0",
                    "isLinked": false
                },
                "padding_laptop": {
                    "unit": "em",
                    "top": "5",
                    "right": "0",
                    "bottom": "5",
                    "left": "0",
                    "isLinked": false
                },
                "padding_tablet": {
                    "unit": "em",
                    "top": "5",
                    "right": "0",
                    "bottom": "5",
                    "left": "0",
                    "isLinked": false
                },
                "padding_mobile": {
                    "unit": "em",
                    "top": "5",
                    "right": "0",
                    "bottom": "3",
                    "left": "0",
                    "isLinked": false
                },
                "__globals__": {
                    "border_color": "globals\/colors?id=659f957",
                    "background_color": "globals\/colors?id=primary"
                },
                "background_overlay_position_mobile": "center left",
                "background_overlay_repeat_tablet": "no-repeat",
                "background_overlay_size_tablet": "contain",
                "background_overlay_size_mobile": "cover"
            },
            "elements": [
                {
                    "id": "668e93e1",
                    "settings": {
                        "flex_direction": "column",
                        "content_width": "full",
                        "width": {
                            "unit": "%",
                            "size": 100
                        }
                    },
                    "elements": [
                        {
                            "id": "1256bea1",
                            "settings": {
                                "editor": "<p>ERROR PAGE<\/p>",
                                "align": "center",
                                "_margin": {
                                    "unit": "px",
                                    "top": "0",
                                    "right": "0",
                                    "bottom": "-19",
                                    "left": "0",
                                    "isLinked": false
                                },
                                "__globals__": {
                                    "typography_typography": "globals\/typography?id=db1e030",
                                    "text_color": "globals\/colors?id=secondary"
                                },
                                "_animation": "fadeIn",
                                "_animation_delay": 100
                            },
                            "elements": [],
                            "isInner": false,
                            "widgetType": "text-editor",
                            "elType": "widget"
                        },
                        {
                            "id": "55bc8e07",
                            "settings": {
                                "image": {
                                    "id": "1489",
                                    "url": "https:\/\/musicali.1onestrong.com\/wp-content\/uploads\/2024\/10\/404-page.png"
                                },
                                "width": {
                                    "unit": "%",
                                    "size": 45,
                                    "sizes": []
                                },
                                "width_mobile": {
                                    "unit": "%",
                                    "size": 80,
                                    "sizes": []
                                },
                                "_animation": "fadeIn",
                                "_animation_delay": 150
                            },
                            "elements": [],
                            "isInner": false,
                            "widgetType": "image",
                            "elType": "widget"
                        },
                        {
                            "id": "4622034a",
                            "settings": {
                                "title": "OOPS, PAGE NOT FOUND!",
                                "align": "center",
                                "__globals__": {
                                    "typography_typography": "globals\/typography?id=887363b",
                                    "title_color": "globals\/colors?id=secondary"
                                },
                                "_animation": "fadeIn",
                                "_animation_delay": 200
                            },
                            "elements": [],
                            "isInner": false,
                            "widgetType": "heading",
                            "elType": "widget"
                        },
                        {
                            "id": "f85d772",
                            "settings": {
                                "editor": "<p>Lorem ipsum dolor sit amet, consectetur adipiscing elit. Ut elit tellus, nec mattis, pulvinar dapibus leo.<\/p>",
                                "align": "center",
                                "_element_width": "initial",
                                "_element_custom_width": {
                                    "unit": "%",
                                    "size": 40,
                                    "sizes": []
                                },
                                "__globals__": {
                                    "typography_typography": "globals\/typography?id=text",
                                    "text_color": "globals\/colors?id=text"
                                },
                                "_element_custom_width_tablet": {
                                    "unit": "%",
                                    "size": 60,
                                    "sizes": []
                                },
                                "_element_custom_width_mobile": {
                                    "unit": "%",
                                    "size": 100,
                                    "sizes": []
                                },
                                "_flex_align_self": "center",
                                "_animation": "fadeIn",
                                "_animation_delay": 200,
                                "_element_custom_width_laptop": {
                                    "unit": "%",
                                    "size": 55,
                                    "sizes": []
                                }
                            },
                            "elements": [],
                            "isInner": false,
                            "widgetType": "text-editor",
                            "elType": "widget"
                        },
                        {
                            "id": "6a8c938a",
                            "settings": {
                                "text": "back to home",
                                "__globals__": {
                                    "button_text_color": "globals\/colors?id=primary",
                                    "background_color": "globals\/colors?id=4a5499b",
                                    "typography_typography": "globals\/typography?id=accent",
                                    "button_background_hover_color": "globals\/colors?id=0f01f5c",
                                    "hover_color": "globals\/colors?id=a567df4",
                                    "button_background_hover_color_b": "globals\/colors?id=f2f4693",
                                    "border_color": "globals\/colors?id=4a5499b",
                                    "button_hover_border_color": "globals\/colors?id=secondary"
                                },
                                "_margin": {
                                    "unit": "px",
                                    "top": "0",
                                    "right": "0",
                                    "bottom": "0",
                                    "left": "0",
                                    "isLinked": false
                                },
                                "align": "center",
                                "icon_align": "row-reverse",
                                "hover_animation": "shrink",
                                "_flex_align_self_tablet": "center",
                                "_z_index": 5
                            },
                            "elements": [],
                            "isInner": false,
                            "widgetType": "button",
                            "elType": "widget"
                        }
                    ],
                    "isInner": true,
                    "elType": "container"
                }
            ],
            "isInner": false,
            "elType": "container"
        }
    ]
}