{
    "version": "0.4",
    "title": "Blog",
    "type": "page",
    "metadata": {
        "template_type": "single-page",
        "include_in_zip": "1",
        "elementor_pro_required": null,
        "wp_page_template": "elementor_header_footer"
    },
    "content": [
        {
            "id": "6c2a5daa",
            "settings": {
                "flex_direction": "column",
                "boxed_width": {
                    "unit": "px",
                    "size": 1400,
                    "sizes": []
                },
                "min_height": {
                    "unit": "vh",
                    "size": 55,
                    "sizes": []
                },
                "min_height_laptop": {
                    "unit": "vh",
                    "size": 47,
                    "sizes": []
                },
                "min_height_tablet": {
                    "unit": "vh",
                    "size": 46,
                    "sizes": []
                },
                "min_height_mobile": {
                    "unit": "vh",
                    "size": 47,
                    "sizes": []
                },
                "background_background": "classic",
                "__globals__": {
                    "background_color": "globals\/colors?id=primary"
                },
                "background_overlay_background": "classic",
                "background_overlay_image": {
                    "url": "https:\/\/musicali.1onestrong.com\/wp-content\/uploads\/2024\/08\/Shape.png",
                    "id": 125,
                    "size": "",
                    "alt": "",
                    "source": "library"
                },
                "background_overlay_position": "bottom center",
                "background_overlay_repeat": "repeat-x",
                "background_overlay_size": "contain",
                "background_overlay_bg_width": {
                    "unit": "%",
                    "size": 58,
                    "sizes": []
                },
                "background_overlay_opacity": {
                    "unit": "px",
                    "size": 0.14999999999999999,
                    "sizes": []
                },
                "padding": {
                    "unit": "em",
                    "top": "7",
                    "right": "0",
                    "bottom": "5",
                    "left": "0",
                    "isLinked": false
                },
                "padding_laptop": {
                    "unit": "em",
                    "top": "4",
                    "right": "0",
                    "bottom": "7",
                    "left": "0",
                    "isLinked": false
                },
                "padding_tablet": {
                    "unit": "em",
                    "top": "4",
                    "right": "0",
                    "bottom": "4",
                    "left": "0",
                    "isLinked": false
                },
                "padding_mobile": {
                    "unit": "em",
                    "top": "3",
                    "right": "0",
                    "bottom": "4",
                    "left": "0",
                    "isLinked": false
                },
                "background_overlay_size_mobile": "cover",
                "background_overlay_bg_width_mobile": {
                    "unit": "%",
                    "size": 100,
                    "sizes": []
                },
                "_title": "Header"
            },
            "elements": [
                {
                    "id": "3eaae56f",
                    "settings": {
                        "content_width": "full",
                        "flex_gap": {
                            "column": "0",
                            "row": "0",
                            "isLinked": false,
                            "unit": "px",
                            "size": 0
                        }
                    },
                    "elements": [
                        {
                            "id": "635fb770",
                            "settings": {
                                "content_width": "full",
                                "view": "inline",
                                "icon_list": [
                                    {
                                        "text": "Home",
                                        "selected_icon": {
                                            "value": "",
                                            "library": ""
                                        },
                                        "_id": "6845228",
                                        "link": {
                                            "url": "#",
                                            "is_external": "",
                                            "nofollow": "",
                                            "custom_attributes": ""
                                        }
                                    },
                                    {
                                        "text": "",
                                        "selected_icon": {
                                            "value": "jki jki-angle-right-solid",
                                            "library": "jkiticon"
                                        },
                                        "_id": "5016900"
                                    },
                                    {
                                        "text": "Blog",
                                        "selected_icon": {
                                            "value": "",
                                            "library": ""
                                        },
                                        "_id": "b8396d0",
                                        "link": {
                                            "url": "#",
                                            "is_external": "",
                                            "nofollow": "",
                                            "custom_attributes": ""
                                        }
                                    }
                                ],
                                "space_between": {
                                    "unit": "px",
                                    "size": 10,
                                    "sizes": []
                                },
                                "icon_align": "center",
                                "_margin": {
                                    "unit": "px",
                                    "top": "0",
                                    "right": "0",
                                    "bottom": "10",
                                    "left": "0",
                                    "isLinked": false
                                },
                                "__globals__": {
                                    "icon_typography_typography": "globals\/typography?id=text",
                                    "text_color": "globals\/colors?id=accent",
                                    "text_color_hover": "globals\/colors?id=4a5499b"
                                }
                            },
                            "elements": [],
                            "isInner": false,
                            "widgetType": "icon-list",
                            "elType": "widget"
                        },
                        {
                            "id": "3aa67ac7",
                            "settings": {
                                "content_width": "full",
                                "title": "Latest News",
                                "align": "center",
                                "__globals__": {
                                    "typography_typography": "globals\/typography?id=primary",
                                    "title_color": "globals\/colors?id=4a5499b"
                                },
                                "_element_width": "initial",
                                "_element_custom_width": {
                                    "unit": "%",
                                    "size": 75,
                                    "sizes": []
                                },
                                "_element_custom_width_laptop": {
                                    "unit": "%",
                                    "size": 80,
                                    "sizes": []
                                },
                                "_element_custom_width_tablet": {
                                    "unit": "%",
                                    "size": 90,
                                    "sizes": []
                                },
                                "_element_custom_width_mobile": {
                                    "unit": "%",
                                    "size": 100,
                                    "sizes": []
                                },
                                "_flex_align_self": "center"
                            },
                            "elements": [],
                            "isInner": false,
                            "widgetType": "heading",
                            "elType": "widget"
                        }
                    ],
                    "isInner": true,
                    "elType": "container"
                }
            ],
            "isInner": false,
            "elType": "container"
        },
        {
            "id": "3cf6ae9f",
            "settings": {
                "flex_direction": "column",
                "boxed_width": {
                    "unit": "px",
                    "size": 1400,
                    "sizes": []
                },
                "margin": {
                    "unit": "px",
                    "top": "-60",
                    "right": "0",
                    "bottom": "0",
                    "left": "0",
                    "isLinked": false
                },
                "margin_tablet": {
                    "unit": "px",
                    "top": "-60",
                    "right": "0",
                    "bottom": "0",
                    "left": "0",
                    "isLinked": false
                },
                "margin_mobile": {
                    "unit": "px",
                    "top": "-50",
                    "right": "0",
                    "bottom": "0",
                    "left": "0",
                    "isLinked": false
                },
                "padding": {
                    "unit": "px",
                    "top": "0",
                    "right": "0",
                    "bottom": "0",
                    "left": "0",
                    "isLinked": false
                },
                "_title": "Logo"
            },
            "elements": [
                {
                    "id": "290cb2f4",
                    "settings": {
                        "content_width": "full",
                        "text": "Musical Specialist Instrument courses",
                        "path": "circle",
                        "align": "center",
                        "text_path_direction": "rtl",
                        "size": {
                            "unit": "px",
                            "size": 120,
                            "sizes": []
                        },
                        "size_laptop": {
                            "unit": "px",
                            "size": 120,
                            "sizes": []
                        },
                        "size_tablet": {
                            "unit": "px",
                            "size": 120,
                            "sizes": []
                        },
                        "size_mobile": {
                            "unit": "px",
                            "size": 100,
                            "sizes": []
                        },
                        "rotation": {
                            "unit": "deg",
                            "size": 331,
                            "sizes": []
                        },
                        "rotation_tablet": {
                            "unit": "deg",
                            "size": 198,
                            "sizes": []
                        },
                        "rotation_mobile": {
                            "unit": "deg",
                            "size": 212,
                            "sizes": []
                        },
                        "word_spacing": {
                            "unit": "px",
                            "size": 8,
                            "sizes": []
                        },
                        "_margin": {
                            "unit": "px",
                            "top": "0",
                            "right": "0",
                            "bottom": "0",
                            "left": "0",
                            "isLinked": false
                        },
                        "_margin_mobile": {
                            "unit": "px",
                            "top": "0",
                            "right": "0",
                            "bottom": "0",
                            "left": "0",
                            "isLinked": false
                        },
                        "_flex_align_self": "center",
                        "_flex_align_self_mobile": "center",
                        "_z_index": 1,
                        "_background_background": "classic",
                        "_background_image": {
                            "url": "https:\/\/musicali.1onestrong.com\/wp-content\/uploads\/2024\/09\/Logo-008.png",
                            "id": 883,
                            "size": "",
                            "alt": "",
                            "source": "library"
                        },
                        "_background_position": "center center",
                        "_background_repeat": "no-repeat",
                        "_background_size": "initial",
                        "_background_bg_width": {
                            "unit": "px",
                            "size": 70,
                            "sizes": []
                        },
                        "_background_bg_width_tablet": {
                            "unit": "px",
                            "size": 70,
                            "sizes": []
                        },
                        "__globals__": {
                            "text_typography_typography": "globals\/typography?id=887363b",
                            "text_color_normal": "globals\/colors?id=0f01f5c"
                        },
                        "_margin_tablet": {
                            "unit": "px",
                            "top": "0",
                            "right": "0",
                            "bottom": "0",
                            "left": "0",
                            "isLinked": false
                        },
                        "_element_width": "auto"
                    },
                    "elements": [],
                    "isInner": false,
                    "widgetType": "text-path",
                    "elType": "widget"
                }
            ],
            "isInner": false,
            "elType": "container"
        },
        {
            "id": "3b639636",
            "settings": {
                "flex_direction": "row",
                "flex_gap": {
                    "unit": "px",
                    "size": 0,
                    "column": "0",
                    "row": "0"
                },
                "boxed_width": {
                    "unit": "px",
                    "size": 1350,
                    "sizes": []
                },
                "flex_justify_content": "space-between",
                "flex_wrap": "wrap",
                "padding": {
                    "unit": "em",
                    "top": "3",
                    "right": "0",
                    "bottom": "3",
                    "left": "0",
                    "isLinked": false
                },
                "padding_laptop": {
                    "unit": "em",
                    "top": "2",
                    "right": "0",
                    "bottom": "3",
                    "left": "0",
                    "isLinked": false
                },
                "padding_tablet": {
                    "unit": "em",
                    "top": "1",
                    "right": "0",
                    "bottom": "2",
                    "left": "0",
                    "isLinked": false
                },
                "padding_mobile": {
                    "unit": "em",
                    "top": "0",
                    "right": "0",
                    "bottom": "1",
                    "left": "0",
                    "isLinked": false
                },
                "flex_justify_content_tablet": "center"
            },
            "elements": [
                {
                    "id": "69bb2a07",
                    "settings": {
                        "flex_direction": "column",
                        "content_width": "full",
                        "width": {
                            "unit": "%",
                            "size": 100
                        },
                        "flex_justify_content": "center",
                        "flex_gap_mobile": {
                            "column": "0",
                            "row": "0",
                            "isLinked": false,
                            "unit": "px",
                            "size": 0
                        },
                        "width_tablet": {
                            "unit": "%",
                            "size": 100,
                            "sizes": []
                        },
                        "width_mobile": {
                            "unit": "%",
                            "size": "",
                            "sizes": []
                        },
                        "margin_tablet": {
                            "unit": "px",
                            "top": "20",
                            "right": "0",
                            "bottom": "0",
                            "left": "0",
                            "isLinked": false
                        },
                        "flex_align_items": "center"
                    },
                    "elements": [
                        {
                            "id": "2f211cc",
                            "settings": {
                                "content_width": "full",
                                "sg_content_postblock_type": "type-3",
                                "sg_content_image_size_imagesize_size": "full",
                                "sg_content_column_responsive": {
                                    "unit": "px",
                                    "size": 3,
                                    "sizes": []
                                },
                                "sg_content_excerpt_enable": "",
                                "sg_content_excerpt_length": {
                                    "unit": "px",
                                    "size": 10,
                                    "sizes": []
                                },
                                "sg_content_excerpt_more": "...",
                                "sg_content_readmore_icon": {
                                    "value": "",
                                    "library": ""
                                },
                                "sg_content_readmore_text": "Read More",
                                "sg_content_comment_enable": "",
                                "sg_content_meta_author_by_text": "",
                                "sg_content_meta_author_icon": {
                                    "value": "",
                                    "library": ""
                                },
                                "sg_content_meta_date_format_custom": "F j, Y",
                                "sg_content_meta_date_icon": {
                                    "value": "",
                                    "library": ""
                                },
                                "pagination_prev_text": "Previous",
                                "pagination_next_text": "Next",
                                "pagination_loadmore_text": "Load More",
                                "pagination_loading_text": "Loading...",
                                "st_category_position": "left",
                                "st_category_padding_responsive": {
                                    "unit": "px",
                                    "top": "15",
                                    "right": "15",
                                    "bottom": "10",
                                    "left": "15",
                                    "isLinked": false
                                },
                                "st_category_margin_responsive": {
                                    "unit": "px",
                                    "top": "0",
                                    "right": "0",
                                    "bottom": "0",
                                    "left": "0",
                                    "isLinked": false
                                },
                                "st_category_border_radius_responsive": {
                                    "unit": "px",
                                    "top": "0",
                                    "right": "9",
                                    "bottom": "0",
                                    "left": "0",
                                    "isLinked": false
                                },
                                "st_readmore_padding_responsive": {
                                    "unit": "px",
                                    "top": "10",
                                    "right": "25",
                                    "bottom": "10",
                                    "left": "25",
                                    "isLinked": false
                                },
                                "st_readmore_margin_responsive": {
                                    "unit": "px",
                                    "top": "0",
                                    "right": "0",
                                    "bottom": "0",
                                    "left": "0",
                                    "isLinked": false
                                },
                                "st_readmore_normal_background_background_background": "classic",
                                "st_readmore_normal_border_radius_responsive": {
                                    "unit": "px",
                                    "top": "0",
                                    "right": "0",
                                    "bottom": "0",
                                    "left": "0",
                                    "isLinked": false
                                },
                                "st_readmore_hover_background_background_background": "classic",
                                "st_nocontent_text": "No Content Available",
                                "__globals__": {
                                    "st_title_normal_typography_content_typography_typography": "globals\/typography?id=db1e030",
                                    "st_meta_typography_content_typography_typography": "globals\/typography?id=bf0e125",
                                    "st_meta_color_responsive": "globals\/colors?id=accent",
                                    "st_title_normal_color_responsive": "globals\/colors?id=primary",
                                    "st_category_typography_content_typography_typography": "globals\/typography?id=bf0e125",
                                    "st_category_color_responsive": "globals\/colors?id=primary",
                                    "st_readmore_typography_content_typography_typography": "globals\/typography?id=accent",
                                    "st_readmore_normal_color_responsive": "globals\/colors?id=a567df4",
                                    "st_readmore_normal_background_background_color": "globals\/colors?id=22a542e",
                                    "st_readmore_hover_background_background_color": "globals\/colors?id=primary",
                                    "st_readmore_hover_color_responsive": "globals\/colors?id=a567df4",
                                    "st_meta_author_name_typography_content_typography_typography": "globals\/typography?id=bf0e125",
                                    "st_meta_author_name_color_responsive": "globals\/colors?id=accent",
                                    "st_category_background_background_color": "globals\/colors?id=a567df4"
                                },
                                "sg_content_column_responsive_tablet": {
                                    "unit": "px",
                                    "size": 2,
                                    "sizes": []
                                },
                                "sg_content_column_responsive_mobile": {
                                    "unit": "px",
                                    "size": 1,
                                    "sizes": []
                                },
                                "sg_content_element_order": "title,excerpt,meta",
                                "sg_content_readmore_enable": "",
                                "st_thumbnail_container_height_responsive_laptop": {
                                    "unit": "px",
                                    "size": 250,
                                    "sizes": []
                                },
                                "st_thumbnail_container_height_responsive_tablet": {
                                    "unit": "px",
                                    "size": 250,
                                    "sizes": []
                                },
                                "st_post_item_gap_responsive": {
                                    "unit": "px",
                                    "size": 50,
                                    "sizes": []
                                },
                                "st_post_item_margin_responsive": {
                                    "unit": "px",
                                    "top": "0",
                                    "right": "0",
                                    "bottom": "40",
                                    "left": "0",
                                    "isLinked": false
                                },
                                "st_title_margin_responsive": {
                                    "unit": "px",
                                    "top": "0",
                                    "right": "0",
                                    "bottom": "0",
                                    "left": "0",
                                    "isLinked": false
                                },
                                "st_meta_margin_responsive": {
                                    "unit": "px",
                                    "top": "0",
                                    "right": "0",
                                    "bottom": "0",
                                    "left": "0",
                                    "isLinked": false
                                },
                                "st_thumbnail_border_radius_responsive": {
                                    "unit": "px",
                                    "top": "9",
                                    "right": "9",
                                    "bottom": "9",
                                    "left": "0",
                                    "isLinked": false
                                },
                                "st_category_background_background_background": "classic",
                                "number_post": {
                                    "unit": "px",
                                    "size": 6,
                                    "sizes": []
                                },
                                "st_post_item_margin_responsive_laptop": {
                                    "unit": "px",
                                    "top": "0",
                                    "right": "0",
                                    "bottom": "30",
                                    "left": "0",
                                    "isLinked": false
                                }
                            },
                            "elements": [],
                            "isInner": false,
                            "widgetType": "jkit_post_block",
                            "elType": "widget"
                        }
                    ],
                    "isInner": true,
                    "elType": "container"
                }
            ],
            "isInner": false,
            "elType": "container"
        }
    ]
}