{
    "version": "0.4",
    "title": "Contact",
    "type": "page",
    "metadata": {
        "template_type": "single-page",
        "include_in_zip": "1",
        "elementor_pro_required": null,
        "wp_page_template": "elementor_header_footer"
    },
    "content": [
        {
            "id": "4efd81d6",
            "settings": {
                "flex_direction": "column",
                "boxed_width": {
                    "unit": "px",
                    "size": 1400,
                    "sizes": []
                },
                "min_height": {
                    "unit": "vh",
                    "size": 55,
                    "sizes": []
                },
                "min_height_laptop": {
                    "unit": "vh",
                    "size": 47,
                    "sizes": []
                },
                "min_height_tablet": {
                    "unit": "vh",
                    "size": 46,
                    "sizes": []
                },
                "min_height_mobile": {
                    "unit": "vh",
                    "size": 47,
                    "sizes": []
                },
                "background_background": "classic",
                "__globals__": {
                    "background_color": "globals\/colors?id=primary"
                },
                "background_overlay_background": "classic",
                "background_overlay_image": {
                    "url": "https:\/\/musicali.1onestrong.com\/wp-content\/uploads\/2024\/08\/Shape.png",
                    "id": 125,
                    "size": "",
                    "alt": "",
                    "source": "library"
                },
                "background_overlay_position": "bottom center",
                "background_overlay_repeat": "repeat-x",
                "background_overlay_size": "contain",
                "background_overlay_bg_width": {
                    "unit": "%",
                    "size": 58,
                    "sizes": []
                },
                "background_overlay_opacity": {
                    "unit": "px",
                    "size": 0.14999999999999999,
                    "sizes": []
                },
                "padding": {
                    "unit": "em",
                    "top": "7",
                    "right": "0",
                    "bottom": "5",
                    "left": "0",
                    "isLinked": false
                },
                "padding_laptop": {
                    "unit": "em",
                    "top": "4",
                    "right": "0",
                    "bottom": "7",
                    "left": "0",
                    "isLinked": false
                },
                "padding_tablet": {
                    "unit": "em",
                    "top": "4",
                    "right": "0",
                    "bottom": "4",
                    "left": "0",
                    "isLinked": false
                },
                "padding_mobile": {
                    "unit": "em",
                    "top": "3",
                    "right": "0",
                    "bottom": "4",
                    "left": "0",
                    "isLinked": false
                },
                "background_overlay_size_mobile": "cover",
                "background_overlay_bg_width_mobile": {
                    "unit": "%",
                    "size": 100,
                    "sizes": []
                },
                "_title": "Header"
            },
            "elements": [
                {
                    "id": "5f36b166",
                    "settings": {
                        "content_width": "full",
                        "flex_gap": {
                            "column": "0",
                            "row": "0",
                            "isLinked": false,
                            "unit": "px",
                            "size": 0
                        }
                    },
                    "elements": [
                        {
                            "id": "513c392f",
                            "settings": {
                                "content_width": "full",
                                "view": "inline",
                                "icon_list": [
                                    {
                                        "text": "Home",
                                        "selected_icon": {
                                            "value": "",
                                            "library": ""
                                        },
                                        "_id": "6845228",
                                        "link": {
                                            "url": "#",
                                            "is_external": "",
                                            "nofollow": "",
                                            "custom_attributes": ""
                                        }
                                    },
                                    {
                                        "text": "",
                                        "selected_icon": {
                                            "value": "jki jki-angle-right-solid",
                                            "library": "jkiticon"
                                        },
                                        "_id": "5016900"
                                    },
                                    {
                                        "text": "Contact us",
                                        "selected_icon": {
                                            "value": "",
                                            "library": ""
                                        },
                                        "_id": "b8396d0",
                                        "link": {
                                            "url": "#",
                                            "is_external": "",
                                            "nofollow": "",
                                            "custom_attributes": ""
                                        }
                                    }
                                ],
                                "space_between": {
                                    "unit": "px",
                                    "size": 10,
                                    "sizes": []
                                },
                                "icon_align": "center",
                                "_margin": {
                                    "unit": "px",
                                    "top": "0",
                                    "right": "0",
                                    "bottom": "10",
                                    "left": "0",
                                    "isLinked": false
                                },
                                "__globals__": {
                                    "icon_typography_typography": "globals\/typography?id=text",
                                    "text_color": "globals\/colors?id=accent",
                                    "text_color_hover": "globals\/colors?id=4a5499b"
                                }
                            },
                            "elements": [],
                            "isInner": false,
                            "widgetType": "icon-list",
                            "elType": "widget"
                        },
                        {
                            "id": "7759093c",
                            "settings": {
                                "content_width": "full",
                                "title": "Get in touch",
                                "align": "center",
                                "__globals__": {
                                    "typography_typography": "globals\/typography?id=primary",
                                    "title_color": "globals\/colors?id=4a5499b"
                                },
                                "_element_width": "initial",
                                "_element_custom_width": {
                                    "unit": "%",
                                    "size": 75,
                                    "sizes": []
                                },
                                "_element_custom_width_laptop": {
                                    "unit": "%",
                                    "size": 80,
                                    "sizes": []
                                },
                                "_element_custom_width_tablet": {
                                    "unit": "%",
                                    "size": 90,
                                    "sizes": []
                                },
                                "_element_custom_width_mobile": {
                                    "unit": "%",
                                    "size": 100,
                                    "sizes": []
                                },
                                "_flex_align_self": "center"
                            },
                            "elements": [],
                            "isInner": false,
                            "widgetType": "heading",
                            "elType": "widget"
                        }
                    ],
                    "isInner": true,
                    "elType": "container"
                }
            ],
            "isInner": false,
            "elType": "container"
        },
        {
            "id": "4dc6ae98",
            "settings": {
                "flex_direction": "column",
                "boxed_width": {
                    "unit": "px",
                    "size": 1400,
                    "sizes": []
                },
                "margin": {
                    "unit": "px",
                    "top": "-60",
                    "right": "0",
                    "bottom": "0",
                    "left": "0",
                    "isLinked": false
                },
                "margin_tablet": {
                    "unit": "px",
                    "top": "-60",
                    "right": "0",
                    "bottom": "0",
                    "left": "0",
                    "isLinked": false
                },
                "margin_mobile": {
                    "unit": "px",
                    "top": "-50",
                    "right": "0",
                    "bottom": "0",
                    "left": "0",
                    "isLinked": false
                },
                "padding": {
                    "unit": "px",
                    "top": "0",
                    "right": "0",
                    "bottom": "0",
                    "left": "0",
                    "isLinked": false
                },
                "_title": "Logo"
            },
            "elements": [
                {
                    "id": "62056642",
                    "settings": {
                        "content_width": "full",
                        "text": "Musical Specialist Instrument courses",
                        "path": "circle",
                        "align": "center",
                        "text_path_direction": "rtl",
                        "size": {
                            "unit": "px",
                            "size": 120,
                            "sizes": []
                        },
                        "size_laptop": {
                            "unit": "px",
                            "size": 120,
                            "sizes": []
                        },
                        "size_tablet": {
                            "unit": "px",
                            "size": 120,
                            "sizes": []
                        },
                        "size_mobile": {
                            "unit": "px",
                            "size": 100,
                            "sizes": []
                        },
                        "rotation": {
                            "unit": "deg",
                            "size": 331,
                            "sizes": []
                        },
                        "rotation_tablet": {
                            "unit": "deg",
                            "size": 198,
                            "sizes": []
                        },
                        "rotation_mobile": {
                            "unit": "deg",
                            "size": 212,
                            "sizes": []
                        },
                        "word_spacing": {
                            "unit": "px",
                            "size": 8,
                            "sizes": []
                        },
                        "_margin": {
                            "unit": "px",
                            "top": "0",
                            "right": "0",
                            "bottom": "0",
                            "left": "0",
                            "isLinked": false
                        },
                        "_margin_mobile": {
                            "unit": "px",
                            "top": "0",
                            "right": "0",
                            "bottom": "0",
                            "left": "0",
                            "isLinked": false
                        },
                        "_flex_align_self": "center",
                        "_flex_align_self_mobile": "center",
                        "_z_index": 1,
                        "_background_background": "classic",
                        "_background_image": {
                            "url": "https:\/\/musicali.1onestrong.com\/wp-content\/uploads\/2024\/09\/Logo-008.png",
                            "id": 883,
                            "size": "",
                            "alt": "",
                            "source": "library"
                        },
                        "_background_position": "center center",
                        "_background_repeat": "no-repeat",
                        "_background_size": "initial",
                        "_background_bg_width": {
                            "unit": "px",
                            "size": 70,
                            "sizes": []
                        },
                        "_background_bg_width_tablet": {
                            "unit": "px",
                            "size": 70,
                            "sizes": []
                        },
                        "__globals__": {
                            "text_typography_typography": "globals\/typography?id=887363b",
                            "text_color_normal": "globals\/colors?id=0f01f5c"
                        },
                        "_margin_tablet": {
                            "unit": "px",
                            "top": "0",
                            "right": "0",
                            "bottom": "0",
                            "left": "0",
                            "isLinked": false
                        },
                        "_element_width": "auto"
                    },
                    "elements": [],
                    "isInner": false,
                    "widgetType": "text-path",
                    "elType": "widget"
                }
            ],
            "isInner": false,
            "elType": "container"
        },
        {
            "id": "5bfaa2d3",
            "settings": {
                "flex_direction": "row",
                "flex_gap": {
                    "unit": "px",
                    "size": 0,
                    "column": "0",
                    "row": "0"
                },
                "boxed_width": {
                    "unit": "px",
                    "size": 1350,
                    "sizes": []
                },
                "flex_justify_content": "space-between",
                "flex_wrap": "wrap",
                "padding": {
                    "unit": "em",
                    "top": "4",
                    "right": "0",
                    "bottom": "3",
                    "left": "0",
                    "isLinked": false
                },
                "padding_laptop": {
                    "unit": "em",
                    "top": "2",
                    "right": "0",
                    "bottom": "3",
                    "left": "0",
                    "isLinked": false
                },
                "padding_tablet": {
                    "unit": "em",
                    "top": "1",
                    "right": "0",
                    "bottom": "3",
                    "left": "0",
                    "isLinked": false
                },
                "padding_mobile": {
                    "unit": "em",
                    "top": "0",
                    "right": "0",
                    "bottom": "2",
                    "left": "0",
                    "isLinked": false
                },
                "flex_justify_content_tablet": "center"
            },
            "elements": [
                {
                    "id": "33ac2269",
                    "settings": {
                        "flex_direction": "column",
                        "content_width": "full",
                        "width": {
                            "unit": "%",
                            "size": 100
                        },
                        "flex_justify_content": "center",
                        "flex_gap_mobile": {
                            "column": "0",
                            "row": "0",
                            "isLinked": false,
                            "unit": "px",
                            "size": 0
                        },
                        "width_tablet": {
                            "unit": "%",
                            "size": 75,
                            "sizes": []
                        },
                        "width_mobile": {
                            "unit": "%",
                            "size": "",
                            "sizes": []
                        },
                        "margin_tablet": {
                            "unit": "px",
                            "top": "20",
                            "right": "0",
                            "bottom": "0",
                            "left": "0",
                            "isLinked": false
                        },
                        "flex_align_items": "center"
                    },
                    "elements": [
                        {
                            "id": "121278a9",
                            "settings": {
                                "content_width": "full",
                                "title": "Make an Enquiry",
                                "align": "center",
                                "align_mobile": "center",
                                "__globals__": {
                                    "title_color": "globals\/colors?id=secondary",
                                    "typography_typography": "globals\/typography?id=secondary"
                                },
                                "align_tablet": "center",
                                "_margin_mobile": {
                                    "unit": "px",
                                    "top": "15",
                                    "right": "0",
                                    "bottom": "0",
                                    "left": "0",
                                    "isLinked": false
                                }
                            },
                            "elements": [],
                            "isInner": false,
                            "widgetType": "heading",
                            "elType": "widget"
                        },
                        {
                            "id": "4e9dfb53",
                            "settings": {
                                "content_width": "full",
                                "editor": "<p>Semper potenti in sodales diam dictumst aenean habitant, ridiculus urna erat pellentesque\u00a0 \u00a0diam natoque.<\/p>",
                                "align": "center",
                                "_element_width": "initial",
                                "_element_custom_width": {
                                    "unit": "%",
                                    "size": 65,
                                    "sizes": []
                                },
                                "_element_custom_width_tablet": {
                                    "unit": "%",
                                    "size": 75,
                                    "sizes": []
                                },
                                "_element_custom_width_mobile": {
                                    "unit": "%",
                                    "size": 100,
                                    "sizes": []
                                },
                                "_flex_align_self": "center",
                                "__globals__": {
                                    "typography_typography": "globals\/typography?id=text",
                                    "text_color": "globals\/colors?id=text"
                                }
                            },
                            "elements": [],
                            "isInner": false,
                            "widgetType": "text-editor",
                            "elType": "widget"
                        },
                        {
                            "id": "4b4b6fe",
                            "settings": {
                                "content_width": "full",
                                "mf_form_id": "1368***1728567515528"
                            },
                            "elements": [],
                            "isInner": false,
                            "widgetType": "metform",
                            "elType": "widget"
                        },
                        {
                            "id": "7c63f4bf",
                            "settings": {
                                "content_width": "full",
                                "flex_direction": "row",
                                "flex_justify_content": "center"
                            },
                            "elements": [
                                {
                                    "id": "5f073c0f",
                                    "settings": {
                                        "content_width": "full",
                                        "title": "FOLLOW US ON  :",
                                        "header_size": "h4",
                                        "align": "center",
                                        "__globals__": {
                                            "typography_typography": "globals\/typography?id=d848767",
                                            "title_color": "globals\/colors?id=primary"
                                        }
                                    },
                                    "elements": [],
                                    "isInner": false,
                                    "widgetType": "heading",
                                    "elType": "widget"
                                },
                                {
                                    "id": "41b96000",
                                    "settings": {
                                        "content_width": "full",
                                        "social_icon_list": [
                                            {
                                                "social_icon": {
                                                    "value": "jki jki-facebook-f",
                                                    "library": "jkiticon"
                                                },
                                                "_id": "76a9e62"
                                            },
                                            {
                                                "social_icon": {
                                                    "value": "fab fa-x-twitter",
                                                    "library": "fa-brands"
                                                },
                                                "_id": "866e3cf"
                                            },
                                            {
                                                "social_icon": {
                                                    "value": "jki jki-instagram-1-light",
                                                    "library": "jkiticon"
                                                },
                                                "_id": "302ff58"
                                            },
                                            {
                                                "_id": "41aeb4d",
                                                "social_icon": {
                                                    "value": "jki jki-pinterest-light",
                                                    "library": "jkiticon"
                                                }
                                            },
                                            {
                                                "_id": "6126b9e",
                                                "social_icon": {
                                                    "value": "jki jki-linkedin-light",
                                                    "library": "jkiticon"
                                                }
                                            }
                                        ],
                                        "align_mobile": "center",
                                        "icon_color": "custom",
                                        "icon_primary_color": "#02010100",
                                        "icon_size": {
                                            "unit": "px",
                                            "size": 18,
                                            "sizes": []
                                        },
                                        "icon_padding": {
                                            "unit": "em",
                                            "size": 0,
                                            "sizes": []
                                        },
                                        "icon_spacing": {
                                            "unit": "px",
                                            "size": 25,
                                            "sizes": []
                                        },
                                        "__globals__": {
                                            "icon_secondary_color": "globals\/colors?id=primary"
                                        },
                                        "_flex_align_self": "center"
                                    },
                                    "elements": [],
                                    "isInner": false,
                                    "widgetType": "social-icons",
                                    "elType": "widget"
                                }
                            ],
                            "isInner": true,
                            "elType": "container"
                        },
                        {
                            "id": "6b45300b",
                            "settings": {
                                "container_type": "grid",
                                "presetTitle": "Grid",
                                "presetIcon": "eicon-container-grid",
                                "content_width": "full",
                                "grid_columns_grid": {
                                    "unit": "fr",
                                    "size": 4,
                                    "sizes": []
                                },
                                "animation": "slideInUp",
                                "animation_delay": 200,
                                "grid_columns_grid_laptop": {
                                    "unit": "fr",
                                    "size": 2,
                                    "sizes": []
                                },
                                "grid_columns_grid_tablet": {
                                    "unit": "fr",
                                    "size": 2,
                                    "sizes": []
                                },
                                "grid_columns_grid_mobile": {
                                    "unit": "fr",
                                    "size": 2,
                                    "sizes": []
                                },
                                "grid_rows_grid_laptop": {
                                    "unit": "fr",
                                    "size": 1,
                                    "sizes": []
                                },
                                "grid_rows_grid_tablet": {
                                    "unit": "fr",
                                    "size": 1,
                                    "sizes": []
                                },
                                "grid_rows_grid_mobile": {
                                    "unit": "fr",
                                    "size": 1,
                                    "sizes": []
                                },
                                "grid_justify_items_laptop": "start",
                                "grid_align_items_laptop": "start",
                                "grid_gaps": {
                                    "column": "0",
                                    "row": "0",
                                    "isLinked": false,
                                    "unit": "px"
                                },
                                "grid_gaps_laptop": {
                                    "column": "0",
                                    "row": "0",
                                    "isLinked": false,
                                    "unit": "px"
                                },
                                "margin_mobile": {
                                    "unit": "px",
                                    "top": "20",
                                    "right": "0",
                                    "bottom": "0",
                                    "left": "0",
                                    "isLinked": false
                                },
                                "padding_mobile": {
                                    "unit": "px",
                                    "top": "0",
                                    "right": "0",
                                    "bottom": "0",
                                    "left": "0",
                                    "isLinked": false
                                },
                                "width": {
                                    "unit": "%",
                                    "size": 100,
                                    "sizes": []
                                },
                                "width_laptop": {
                                    "unit": "%",
                                    "size": 80,
                                    "sizes": []
                                },
                                "width_tablet": {
                                    "unit": "%",
                                    "size": 100,
                                    "sizes": []
                                },
                                "width_mobile": {
                                    "unit": "%",
                                    "size": "",
                                    "sizes": []
                                },
                                "grid_rows_grid": {
                                    "unit": "fr",
                                    "size": 1,
                                    "sizes": []
                                },
                                "margin": {
                                    "unit": "px",
                                    "top": "30",
                                    "right": "0",
                                    "bottom": "0",
                                    "left": "0",
                                    "isLinked": false
                                },
                                "margin_laptop": {
                                    "unit": "px",
                                    "top": "0",
                                    "right": "0",
                                    "bottom": "0",
                                    "left": "0",
                                    "isLinked": false
                                }
                            },
                            "elements": [
                                {
                                    "id": "74a9de70",
                                    "settings": {
                                        "sg_setting_icon_position_responsive": "left",
                                        "sg_setting_icon_position_responsive_tablet": "top",
                                        "sg_setting_content_alignment_responsive": "left",
                                        "sg_icon_header": {
                                            "value": "fas fa-phone-alt",
                                            "library": "fa-solid"
                                        },
                                        "sg_icon_text": "Contact Center",
                                        "sg_icon_description": "+888-807-5000",
                                        "sg_readmore_button_label": "Learn More",
                                        "sg_badge_text": "BADGE",
                                        "st_container_padding_responsive": {
                                            "unit": "px",
                                            "top": "15",
                                            "right": "20",
                                            "bottom": "20",
                                            "left": "20",
                                            "isLinked": false
                                        },
                                        "st_container_padding_responsive_mobile": {
                                            "unit": "px",
                                            "top": "15",
                                            "right": "11",
                                            "bottom": "15",
                                            "left": "11",
                                            "isLinked": false
                                        },
                                        "st_container_border_border_border": "solid",
                                        "st_container_border_border_width": {
                                            "unit": "px",
                                            "top": "0",
                                            "right": "0",
                                            "bottom": "0",
                                            "left": "0",
                                            "isLinked": false
                                        },
                                        "st_container_border_radius_responsive": {
                                            "unit": "px",
                                            "top": "0",
                                            "right": "0",
                                            "bottom": "0",
                                            "left": "0",
                                            "isLinked": false
                                        },
                                        "st_container_hover_border_border_border": "solid",
                                        "st_container_hover_border_border_width": {
                                            "unit": "px",
                                            "top": "0",
                                            "right": "0",
                                            "bottom": "0",
                                            "left": "0",
                                            "isLinked": true
                                        },
                                        "st_content_title_margin_responsive": {
                                            "unit": "px",
                                            "top": "0",
                                            "right": "0",
                                            "bottom": "0",
                                            "left": "0",
                                            "isLinked": false
                                        },
                                        "st_content_title_padding_responsive": {
                                            "unit": "px",
                                            "top": "7",
                                            "right": "0",
                                            "bottom": "7",
                                            "left": "0",
                                            "isLinked": false
                                        },
                                        "st_content_title_padding_responsive_tablet": {
                                            "unit": "px",
                                            "top": "13",
                                            "right": "0",
                                            "bottom": "7",
                                            "left": "0",
                                            "isLinked": false
                                        },
                                        "st_content_description_margin_responsive": {
                                            "unit": "px",
                                            "top": "0",
                                            "right": "0",
                                            "bottom": "0",
                                            "left": "0",
                                            "isLinked": false
                                        },
                                        "st_icon_size_responsive": {
                                            "unit": "px",
                                            "size": 20,
                                            "sizes": []
                                        },
                                        "st_icon_margin_responsive": {
                                            "unit": "px",
                                            "top": "0",
                                            "right": "0",
                                            "bottom": "0",
                                            "left": "0",
                                            "isLinked": false
                                        },
                                        "st_icon_padding_responsive": {
                                            "unit": "px",
                                            "top": "15",
                                            "right": "0",
                                            "bottom": "0",
                                            "left": "12",
                                            "isLinked": false
                                        },
                                        "_margin": {
                                            "unit": "px",
                                            "top": "0",
                                            "right": "0",
                                            "bottom": "0",
                                            "left": "0",
                                            "isLinked": false
                                        },
                                        "__globals__": {
                                            "st_content_title_typography_content_typography_typography": "globals\/typography?id=bf0e125",
                                            "st_content_title_color_responsive": "globals\/colors?id=secondary",
                                            "st_content_description_typography_content_typography_typography": "globals\/typography?id=ef116fc",
                                            "st_content_description_color_responsive": "globals\/colors?id=secondary",
                                            "st_icon_bg_color_responsive": "globals\/colors?id=0f01f5c",
                                            "st_icon_color_responsive": "globals\/colors?id=a567df4",
                                            "st_container_hover_border_border_color": "",
                                            "st_icon_hover_bg_color_responsive": "globals\/colors?id=4a5499b",
                                            "st_icon_hover_color_responsive": "globals\/colors?id=primary",
                                            "st_container_border_border_color": ""
                                        },
                                        "st_container_border_border_color": "#C29B5D70",
                                        "st_container_hover_border_border_color": "#C29B5D70",
                                        "st_content_title_color_responsive": "#1A1818",
                                        "st_content_title_typography_content_typography_typography": "custom",
                                        "st_content_title_typography_content_typography_font_family": "Lora",
                                        "st_content_title_typography_content_typography_font_size": {
                                            "unit": "px",
                                            "size": 12,
                                            "sizes": []
                                        },
                                        "st_content_title_typography_content_typography_font_size_tablet": {
                                            "unit": "px",
                                            "size": 11,
                                            "sizes": []
                                        },
                                        "st_content_title_typography_content_typography_font_size_mobile": {
                                            "unit": "px",
                                            "size": 11,
                                            "sizes": []
                                        },
                                        "st_content_title_typography_content_typography_font_weight": "500",
                                        "st_content_title_typography_content_typography_text_transform": "none",
                                        "st_content_title_typography_content_typography_line_height": {
                                            "unit": "em",
                                            "size": 1,
                                            "sizes": []
                                        },
                                        "st_content_title_typography_content_typography_line_height_mobile": {
                                            "unit": "em",
                                            "size": 1.5,
                                            "sizes": []
                                        },
                                        "st_content_title_typography_content_typography_letter_spacing": {
                                            "unit": "px",
                                            "size": 0.20000000000000001,
                                            "sizes": []
                                        },
                                        "st_content_title_typography_content_typography_word_spacing": {
                                            "unit": "em",
                                            "size": "",
                                            "sizes": []
                                        },
                                        "st_content_description_color_responsive": "#1A1818",
                                        "st_content_description_typography_content_typography_typography": "custom",
                                        "st_content_description_typography_content_typography_font_family": "Lato",
                                        "st_content_description_typography_content_typography_font_size": {
                                            "unit": "px",
                                            "size": 14,
                                            "sizes": []
                                        },
                                        "st_content_description_typography_content_typography_font_size_tablet": {
                                            "unit": "px",
                                            "size": 14,
                                            "sizes": []
                                        },
                                        "st_content_description_typography_content_typography_font_size_mobile": {
                                            "unit": "px",
                                            "size": 13,
                                            "sizes": []
                                        },
                                        "st_content_description_typography_content_typography_font_weight": "400",
                                        "st_content_description_typography_content_typography_line_height": {
                                            "unit": "em",
                                            "size": "",
                                            "sizes": []
                                        },
                                        "st_content_description_typography_content_typography_letter_spacing": {
                                            "unit": "px",
                                            "size": 0.5,
                                            "sizes": []
                                        },
                                        "st_content_description_typography_content_typography_word_spacing": {
                                            "unit": "em",
                                            "size": "",
                                            "sizes": []
                                        },
                                        "st_icon_color_responsive": "#FFFFFF",
                                        "st_icon_hover_color_responsive": "#FFFFFF",
                                        "st_icon_hover_bg_color_responsive": "#866400",
                                        "sg_setting_html_tag": "h4",
                                        "st_icon_border_radius_responsive": {
                                            "unit": "px",
                                            "top": "8",
                                            "right": "8",
                                            "bottom": "8",
                                            "left": "8",
                                            "isLinked": true
                                        },
                                        "st_icon_height_responsive": {
                                            "unit": "px",
                                            "size": 50,
                                            "sizes": []
                                        },
                                        "st_icon_width_responsive": {
                                            "unit": "px",
                                            "size": 50,
                                            "sizes": []
                                        },
                                        "sg_readmore_enable_globallink": "yes"
                                    },
                                    "elements": [],
                                    "isInner": false,
                                    "widgetType": "jkit_icon_box",
                                    "elType": "widget"
                                },
                                {
                                    "id": "4d4537f9",
                                    "settings": {
                                        "sg_setting_icon_position_responsive": "left",
                                        "sg_setting_icon_position_responsive_tablet": "top",
                                        "sg_setting_content_alignment_responsive": "left",
                                        "sg_icon_header": {
                                            "value": "fas fa-envelope",
                                            "library": "fa-solid"
                                        },
                                        "sg_icon_text": "Our email",
                                        "sg_icon_description": "musicali@mail.com",
                                        "sg_readmore_button_label": "Learn More",
                                        "sg_badge_text": "BADGE",
                                        "st_container_padding_responsive": {
                                            "unit": "px",
                                            "top": "15",
                                            "right": "20",
                                            "bottom": "20",
                                            "left": "20",
                                            "isLinked": false
                                        },
                                        "st_container_padding_responsive_mobile": {
                                            "unit": "px",
                                            "top": "15",
                                            "right": "11",
                                            "bottom": "15",
                                            "left": "11",
                                            "isLinked": false
                                        },
                                        "st_container_border_border_border": "solid",
                                        "st_container_border_radius_responsive": {
                                            "unit": "px",
                                            "top": "0",
                                            "right": "0",
                                            "bottom": "0",
                                            "left": "0",
                                            "isLinked": false
                                        },
                                        "st_container_hover_border_border_border": "solid",
                                        "st_container_hover_border_border_width": {
                                            "unit": "px",
                                            "top": "0",
                                            "right": "0",
                                            "bottom": "0",
                                            "left": "0",
                                            "isLinked": true
                                        },
                                        "st_content_title_margin_responsive": {
                                            "unit": "px",
                                            "top": "0",
                                            "right": "0",
                                            "bottom": "0",
                                            "left": "0",
                                            "isLinked": false
                                        },
                                        "st_content_title_padding_responsive": {
                                            "unit": "px",
                                            "top": "7",
                                            "right": "0",
                                            "bottom": "7",
                                            "left": "0",
                                            "isLinked": false
                                        },
                                        "st_content_title_padding_responsive_tablet": {
                                            "unit": "px",
                                            "top": "13",
                                            "right": "0",
                                            "bottom": "7",
                                            "left": "0",
                                            "isLinked": false
                                        },
                                        "st_content_description_margin_responsive": {
                                            "unit": "px",
                                            "top": "0",
                                            "right": "0",
                                            "bottom": "0",
                                            "left": "0",
                                            "isLinked": false
                                        },
                                        "st_icon_size_responsive": {
                                            "unit": "px",
                                            "size": 20,
                                            "sizes": []
                                        },
                                        "st_icon_margin_responsive": {
                                            "unit": "px",
                                            "top": "0",
                                            "right": "0",
                                            "bottom": "0",
                                            "left": "0",
                                            "isLinked": false
                                        },
                                        "st_icon_padding_responsive": {
                                            "unit": "px",
                                            "top": "14",
                                            "right": "0",
                                            "bottom": "0",
                                            "left": "16",
                                            "isLinked": false
                                        },
                                        "__globals__": {
                                            "st_content_title_typography_content_typography_typography": "globals\/typography?id=bf0e125",
                                            "st_content_title_color_responsive": "globals\/colors?id=secondary",
                                            "st_content_description_typography_content_typography_typography": "globals\/typography?id=ef116fc",
                                            "st_content_description_color_responsive": "globals\/colors?id=secondary",
                                            "st_icon_bg_color_responsive": "globals\/colors?id=0f01f5c",
                                            "st_icon_color_responsive": "globals\/colors?id=a567df4",
                                            "st_container_hover_border_border_color": "",
                                            "st_icon_hover_bg_color_responsive": "globals\/colors?id=4a5499b",
                                            "st_icon_hover_color_responsive": "globals\/colors?id=primary",
                                            "st_container_border_border_color": ""
                                        },
                                        "st_container_border_border_width": {
                                            "unit": "px",
                                            "top": "0",
                                            "right": "0",
                                            "bottom": "0",
                                            "left": "0",
                                            "isLinked": false
                                        },
                                        "_margin": {
                                            "unit": "px",
                                            "top": "0",
                                            "right": "0",
                                            "bottom": "0",
                                            "left": "0",
                                            "isLinked": false
                                        },
                                        "st_container_border_border_color": "#C29B5D70",
                                        "st_container_hover_border_border_color": "#C29B5D70",
                                        "st_content_title_color_responsive": "#1A1818",
                                        "st_content_title_typography_content_typography_typography": "custom",
                                        "st_content_title_typography_content_typography_font_family": "Lora",
                                        "st_content_title_typography_content_typography_font_size": {
                                            "unit": "px",
                                            "size": 12,
                                            "sizes": []
                                        },
                                        "st_content_title_typography_content_typography_font_size_tablet": {
                                            "unit": "px",
                                            "size": 11,
                                            "sizes": []
                                        },
                                        "st_content_title_typography_content_typography_font_size_mobile": {
                                            "unit": "px",
                                            "size": 11,
                                            "sizes": []
                                        },
                                        "st_content_title_typography_content_typography_font_weight": "500",
                                        "st_content_title_typography_content_typography_text_transform": "none",
                                        "st_content_title_typography_content_typography_line_height": {
                                            "unit": "em",
                                            "size": 1,
                                            "sizes": []
                                        },
                                        "st_content_title_typography_content_typography_line_height_mobile": {
                                            "unit": "em",
                                            "size": 1.5,
                                            "sizes": []
                                        },
                                        "st_content_title_typography_content_typography_letter_spacing": {
                                            "unit": "px",
                                            "size": 0.20000000000000001,
                                            "sizes": []
                                        },
                                        "st_content_title_typography_content_typography_word_spacing": {
                                            "unit": "em",
                                            "size": "",
                                            "sizes": []
                                        },
                                        "st_content_description_color_responsive": "#1A1818",
                                        "st_content_description_typography_content_typography_typography": "custom",
                                        "st_content_description_typography_content_typography_font_family": "Lato",
                                        "st_content_description_typography_content_typography_font_size": {
                                            "unit": "px",
                                            "size": 14,
                                            "sizes": []
                                        },
                                        "st_content_description_typography_content_typography_font_size_tablet": {
                                            "unit": "px",
                                            "size": 14,
                                            "sizes": []
                                        },
                                        "st_content_description_typography_content_typography_font_size_mobile": {
                                            "unit": "px",
                                            "size": 13,
                                            "sizes": []
                                        },
                                        "st_content_description_typography_content_typography_font_weight": "400",
                                        "st_content_description_typography_content_typography_line_height": {
                                            "unit": "em",
                                            "size": "",
                                            "sizes": []
                                        },
                                        "st_content_description_typography_content_typography_letter_spacing": {
                                            "unit": "px",
                                            "size": 0.5,
                                            "sizes": []
                                        },
                                        "st_content_description_typography_content_typography_word_spacing": {
                                            "unit": "em",
                                            "size": "",
                                            "sizes": []
                                        },
                                        "st_icon_color_responsive": "#FFFFFF",
                                        "st_icon_hover_color_responsive": "#FFFFFF",
                                        "st_icon_hover_bg_color_responsive": "#866400",
                                        "st_icon_border_radius_responsive": {
                                            "unit": "px",
                                            "top": "8",
                                            "right": "8",
                                            "bottom": "8",
                                            "left": "8",
                                            "isLinked": true
                                        },
                                        "sg_setting_html_tag": "h4",
                                        "st_icon_height_responsive": {
                                            "unit": "px",
                                            "size": 50,
                                            "sizes": []
                                        },
                                        "st_icon_width_responsive": {
                                            "unit": "px",
                                            "size": 50,
                                            "sizes": []
                                        },
                                        "sg_readmore_enable_globallink": "yes"
                                    },
                                    "elements": [],
                                    "isInner": false,
                                    "widgetType": "jkit_icon_box",
                                    "elType": "widget"
                                },
                                {
                                    "id": "e26c1e1",
                                    "settings": {
                                        "sg_setting_icon_position_responsive": "left",
                                        "sg_setting_icon_position_responsive_tablet": "top",
                                        "sg_setting_content_alignment_responsive": "left",
                                        "sg_icon_header": {
                                            "value": "fas fa-map-marker-alt",
                                            "library": "fa-solid"
                                        },
                                        "sg_icon_text": "Find an office",
                                        "sg_icon_description": "Jl. Sokarno-hatta 01",
                                        "sg_readmore_button_label": "Learn More",
                                        "sg_badge_text": "BADGE",
                                        "st_container_padding_responsive": {
                                            "unit": "px",
                                            "top": "15",
                                            "right": "20",
                                            "bottom": "20",
                                            "left": "20",
                                            "isLinked": false
                                        },
                                        "st_container_padding_responsive_mobile": {
                                            "unit": "px",
                                            "top": "15",
                                            "right": "11",
                                            "bottom": "15",
                                            "left": "11",
                                            "isLinked": false
                                        },
                                        "st_container_border_border_border": "solid",
                                        "st_container_border_radius_responsive": {
                                            "unit": "px",
                                            "top": "0",
                                            "right": "0",
                                            "bottom": "0",
                                            "left": "0",
                                            "isLinked": false
                                        },
                                        "st_container_hover_border_border_border": "solid",
                                        "st_container_hover_border_border_width": {
                                            "unit": "px",
                                            "top": "0",
                                            "right": "0",
                                            "bottom": "0",
                                            "left": "0",
                                            "isLinked": true
                                        },
                                        "st_content_title_margin_responsive": {
                                            "unit": "px",
                                            "top": "0",
                                            "right": "0",
                                            "bottom": "0",
                                            "left": "0",
                                            "isLinked": false
                                        },
                                        "st_content_title_padding_responsive": {
                                            "unit": "px",
                                            "top": "7",
                                            "right": "0",
                                            "bottom": "7",
                                            "left": "0",
                                            "isLinked": false
                                        },
                                        "st_content_title_padding_responsive_tablet": {
                                            "unit": "px",
                                            "top": "13",
                                            "right": "0",
                                            "bottom": "7",
                                            "left": "0",
                                            "isLinked": false
                                        },
                                        "st_content_description_margin_responsive": {
                                            "unit": "px",
                                            "top": "0",
                                            "right": "0",
                                            "bottom": "0",
                                            "left": "0",
                                            "isLinked": false
                                        },
                                        "st_icon_size_responsive": {
                                            "unit": "px",
                                            "size": 20,
                                            "sizes": []
                                        },
                                        "st_icon_margin_responsive": {
                                            "unit": "px",
                                            "top": "0",
                                            "right": "0",
                                            "bottom": "0",
                                            "left": "0",
                                            "isLinked": false
                                        },
                                        "st_icon_padding_responsive": {
                                            "unit": "px",
                                            "top": "11",
                                            "right": "0",
                                            "bottom": "0",
                                            "left": "16",
                                            "isLinked": false
                                        },
                                        "_margin": {
                                            "unit": "px",
                                            "top": "0",
                                            "right": "0",
                                            "bottom": "0",
                                            "left": "0",
                                            "isLinked": false
                                        },
                                        "__globals__": {
                                            "st_content_title_typography_content_typography_typography": "globals\/typography?id=bf0e125",
                                            "st_content_title_color_responsive": "globals\/colors?id=secondary",
                                            "st_content_description_typography_content_typography_typography": "globals\/typography?id=ef116fc",
                                            "st_content_description_color_responsive": "globals\/colors?id=secondary",
                                            "st_icon_bg_color_responsive": "globals\/colors?id=0f01f5c",
                                            "st_icon_color_responsive": "globals\/colors?id=a567df4",
                                            "st_container_hover_border_border_color": "",
                                            "st_icon_hover_bg_color_responsive": "globals\/colors?id=4a5499b",
                                            "st_icon_hover_color_responsive": "globals\/colors?id=primary",
                                            "st_container_border_border_color": ""
                                        },
                                        "st_container_border_border_width": {
                                            "unit": "px",
                                            "top": "0",
                                            "right": "0",
                                            "bottom": "0",
                                            "left": "0",
                                            "isLinked": false
                                        },
                                        "st_container_border_border_color": "#C29B5D70",
                                        "st_container_hover_border_border_color": "#C29B5D70",
                                        "st_content_title_color_responsive": "#1A1818",
                                        "st_content_title_typography_content_typography_typography": "custom",
                                        "st_content_title_typography_content_typography_font_family": "Lora",
                                        "st_content_title_typography_content_typography_font_size": {
                                            "unit": "px",
                                            "size": 12,
                                            "sizes": []
                                        },
                                        "st_content_title_typography_content_typography_font_size_tablet": {
                                            "unit": "px",
                                            "size": 11,
                                            "sizes": []
                                        },
                                        "st_content_title_typography_content_typography_font_size_mobile": {
                                            "unit": "px",
                                            "size": 11,
                                            "sizes": []
                                        },
                                        "st_content_title_typography_content_typography_font_weight": "500",
                                        "st_content_title_typography_content_typography_text_transform": "none",
                                        "st_content_title_typography_content_typography_line_height": {
                                            "unit": "em",
                                            "size": 1,
                                            "sizes": []
                                        },
                                        "st_content_title_typography_content_typography_line_height_mobile": {
                                            "unit": "em",
                                            "size": 1.5,
                                            "sizes": []
                                        },
                                        "st_content_title_typography_content_typography_letter_spacing": {
                                            "unit": "px",
                                            "size": 0.20000000000000001,
                                            "sizes": []
                                        },
                                        "st_content_title_typography_content_typography_word_spacing": {
                                            "unit": "em",
                                            "size": "",
                                            "sizes": []
                                        },
                                        "st_content_description_color_responsive": "#1A1818",
                                        "st_content_description_typography_content_typography_typography": "custom",
                                        "st_content_description_typography_content_typography_font_family": "Lato",
                                        "st_content_description_typography_content_typography_font_size": {
                                            "unit": "px",
                                            "size": 14,
                                            "sizes": []
                                        },
                                        "st_content_description_typography_content_typography_font_size_tablet": {
                                            "unit": "px",
                                            "size": 14,
                                            "sizes": []
                                        },
                                        "st_content_description_typography_content_typography_font_size_mobile": {
                                            "unit": "px",
                                            "size": 13,
                                            "sizes": []
                                        },
                                        "st_content_description_typography_content_typography_font_weight": "400",
                                        "st_content_description_typography_content_typography_line_height": {
                                            "unit": "em",
                                            "size": "",
                                            "sizes": []
                                        },
                                        "st_content_description_typography_content_typography_letter_spacing": {
                                            "unit": "px",
                                            "size": 0.5,
                                            "sizes": []
                                        },
                                        "st_content_description_typography_content_typography_word_spacing": {
                                            "unit": "em",
                                            "size": "",
                                            "sizes": []
                                        },
                                        "st_icon_color_responsive": "#FFFFFF",
                                        "st_icon_hover_color_responsive": "#FFFFFF",
                                        "st_icon_hover_bg_color_responsive": "#866400",
                                        "st_icon_border_radius_responsive": {
                                            "unit": "px",
                                            "top": "8",
                                            "right": "8",
                                            "bottom": "8",
                                            "left": "8",
                                            "isLinked": true
                                        },
                                        "st_icon_height_responsive": {
                                            "unit": "px",
                                            "size": 50,
                                            "sizes": []
                                        },
                                        "st_icon_width_responsive": {
                                            "unit": "px",
                                            "size": 50,
                                            "sizes": []
                                        },
                                        "sg_setting_html_tag": "h4",
                                        "sg_readmore_enable_globallink": "yes"
                                    },
                                    "elements": [],
                                    "isInner": false,
                                    "widgetType": "jkit_icon_box",
                                    "elType": "widget"
                                },
                                {
                                    "id": "252954f9",
                                    "settings": {
                                        "sg_setting_icon_position_responsive": "left",
                                        "sg_setting_icon_position_responsive_tablet": "top",
                                        "sg_setting_content_alignment_responsive": "left",
                                        "sg_icon_header": {
                                            "value": "fas fa-building",
                                            "library": "fa-solid"
                                        },
                                        "sg_icon_text": "We are available",
                                        "sg_icon_description": "Sat 8:30  \u2013 Mon 8:30 ",
                                        "sg_readmore_button_label": "Learn More",
                                        "sg_badge_text": "BADGE",
                                        "st_container_padding_responsive": {
                                            "unit": "px",
                                            "top": "15",
                                            "right": "20",
                                            "bottom": "20",
                                            "left": "20",
                                            "isLinked": false
                                        },
                                        "st_container_padding_responsive_mobile": {
                                            "unit": "px",
                                            "top": "15",
                                            "right": "11",
                                            "bottom": "15",
                                            "left": "11",
                                            "isLinked": false
                                        },
                                        "st_container_border_border_border": "solid",
                                        "st_container_border_radius_responsive": {
                                            "unit": "px",
                                            "top": "0",
                                            "right": "0",
                                            "bottom": "0",
                                            "left": "0",
                                            "isLinked": false
                                        },
                                        "st_container_hover_border_border_border": "solid",
                                        "st_container_hover_border_border_width": {
                                            "unit": "px",
                                            "top": "0",
                                            "right": "0",
                                            "bottom": "0",
                                            "left": "0",
                                            "isLinked": true
                                        },
                                        "st_content_title_margin_responsive": {
                                            "unit": "px",
                                            "top": "0",
                                            "right": "0",
                                            "bottom": "0",
                                            "left": "0",
                                            "isLinked": false
                                        },
                                        "st_content_title_padding_responsive": {
                                            "unit": "px",
                                            "top": "7",
                                            "right": "0",
                                            "bottom": "7",
                                            "left": "0",
                                            "isLinked": false
                                        },
                                        "st_content_title_padding_responsive_tablet": {
                                            "unit": "px",
                                            "top": "13",
                                            "right": "0",
                                            "bottom": "7",
                                            "left": "0",
                                            "isLinked": false
                                        },
                                        "st_content_description_margin_responsive": {
                                            "unit": "px",
                                            "top": "0",
                                            "right": "0",
                                            "bottom": "0",
                                            "left": "0",
                                            "isLinked": false
                                        },
                                        "st_icon_size_responsive": {
                                            "unit": "px",
                                            "size": 20,
                                            "sizes": []
                                        },
                                        "st_icon_margin_responsive": {
                                            "unit": "px",
                                            "top": "0",
                                            "right": "0",
                                            "bottom": "0",
                                            "left": "0",
                                            "isLinked": false
                                        },
                                        "st_icon_padding_responsive": {
                                            "unit": "px",
                                            "top": "11",
                                            "right": "0",
                                            "bottom": "0",
                                            "left": "16",
                                            "isLinked": false
                                        },
                                        "__globals__": {
                                            "st_content_title_typography_content_typography_typography": "globals\/typography?id=bf0e125",
                                            "st_content_title_color_responsive": "globals\/colors?id=secondary",
                                            "st_content_description_typography_content_typography_typography": "globals\/typography?id=ef116fc",
                                            "st_content_description_color_responsive": "globals\/colors?id=secondary",
                                            "st_icon_bg_color_responsive": "globals\/colors?id=0f01f5c",
                                            "st_icon_color_responsive": "globals\/colors?id=a567df4",
                                            "st_container_hover_border_border_color": "",
                                            "st_icon_hover_bg_color_responsive": "globals\/colors?id=4a5499b",
                                            "st_icon_hover_color_responsive": "globals\/colors?id=primary",
                                            "st_container_border_border_color": ""
                                        },
                                        "st_container_border_border_width": {
                                            "unit": "px",
                                            "top": "0",
                                            "right": "0",
                                            "bottom": "0",
                                            "left": "0",
                                            "isLinked": false
                                        },
                                        "_margin": {
                                            "unit": "px",
                                            "top": "0",
                                            "right": "0",
                                            "bottom": "0",
                                            "left": "0",
                                            "isLinked": false
                                        },
                                        "st_container_border_border_color": "#C29B5D70",
                                        "st_container_hover_border_border_color": "#C29B5D70",
                                        "st_content_title_color_responsive": "#1A1818",
                                        "st_content_title_typography_content_typography_typography": "custom",
                                        "st_content_title_typography_content_typography_font_family": "Lora",
                                        "st_content_title_typography_content_typography_font_size": {
                                            "unit": "px",
                                            "size": 12,
                                            "sizes": []
                                        },
                                        "st_content_title_typography_content_typography_font_size_tablet": {
                                            "unit": "px",
                                            "size": 11,
                                            "sizes": []
                                        },
                                        "st_content_title_typography_content_typography_font_size_mobile": {
                                            "unit": "px",
                                            "size": 11,
                                            "sizes": []
                                        },
                                        "st_content_title_typography_content_typography_font_weight": "500",
                                        "st_content_title_typography_content_typography_text_transform": "none",
                                        "st_content_title_typography_content_typography_line_height": {
                                            "unit": "em",
                                            "size": 1,
                                            "sizes": []
                                        },
                                        "st_content_title_typography_content_typography_line_height_mobile": {
                                            "unit": "em",
                                            "size": 1.5,
                                            "sizes": []
                                        },
                                        "st_content_title_typography_content_typography_letter_spacing": {
                                            "unit": "px",
                                            "size": 0.20000000000000001,
                                            "sizes": []
                                        },
                                        "st_content_title_typography_content_typography_word_spacing": {
                                            "unit": "em",
                                            "size": "",
                                            "sizes": []
                                        },
                                        "st_content_description_color_responsive": "#1A1818",
                                        "st_content_description_typography_content_typography_typography": "custom",
                                        "st_content_description_typography_content_typography_font_family": "Lato",
                                        "st_content_description_typography_content_typography_font_size": {
                                            "unit": "px",
                                            "size": 14,
                                            "sizes": []
                                        },
                                        "st_content_description_typography_content_typography_font_size_tablet": {
                                            "unit": "px",
                                            "size": 14,
                                            "sizes": []
                                        },
                                        "st_content_description_typography_content_typography_font_size_mobile": {
                                            "unit": "px",
                                            "size": 13,
                                            "sizes": []
                                        },
                                        "st_content_description_typography_content_typography_font_weight": "400",
                                        "st_content_description_typography_content_typography_line_height": {
                                            "unit": "em",
                                            "size": "",
                                            "sizes": []
                                        },
                                        "st_content_description_typography_content_typography_letter_spacing": {
                                            "unit": "px",
                                            "size": 0.5,
                                            "sizes": []
                                        },
                                        "st_content_description_typography_content_typography_word_spacing": {
                                            "unit": "em",
                                            "size": "",
                                            "sizes": []
                                        },
                                        "st_icon_color_responsive": "#FFFFFF",
                                        "st_icon_hover_color_responsive": "#FFFFFF",
                                        "st_icon_hover_bg_color_responsive": "#866400",
                                        "st_icon_border_radius_responsive": {
                                            "unit": "px",
                                            "top": "8",
                                            "right": "8",
                                            "bottom": "8",
                                            "left": "8",
                                            "isLinked": true
                                        },
                                        "st_icon_height_responsive": {
                                            "unit": "px",
                                            "size": 50,
                                            "sizes": []
                                        },
                                        "st_icon_width_responsive": {
                                            "unit": "px",
                                            "size": 50,
                                            "sizes": []
                                        },
                                        "sg_setting_html_tag": "h4",
                                        "sg_readmore_enable_globallink": "yes"
                                    },
                                    "elements": [],
                                    "isInner": false,
                                    "widgetType": "jkit_icon_box",
                                    "elType": "widget"
                                }
                            ],
                            "isInner": true,
                            "elType": "container"
                        }
                    ],
                    "isInner": true,
                    "elType": "container"
                }
            ],
            "isInner": false,
            "elType": "container"
        },
        {
            "id": "124f1256",
            "settings": {
                "flex_direction": "column",
                "content_width": "full",
                "boxed_width": {
                    "unit": "px",
                    "size": 1350,
                    "sizes": []
                }
            },
            "elements": [
                {
                    "id": "5a3fa878",
                    "settings": {
                        "content_width": "full",
                        "address": "London Eye, London, United Kingdom",
                        "height": {
                            "unit": "vh",
                            "size": 55,
                            "sizes": []
                        },
                        "height_laptop": {
                            "unit": "vh",
                            "size": "",
                            "sizes": []
                        },
                        "height_tablet": {
                            "unit": "vh",
                            "size": "",
                            "sizes": []
                        },
                        "height_mobile": {
                            "unit": "vh",
                            "size": "",
                            "sizes": []
                        },
                        "css_filters_css_filter": "custom",
                        "css_filters_saturate": {
                            "unit": "px",
                            "size": 0,
                            "sizes": []
                        }
                    },
                    "elements": [],
                    "isInner": false,
                    "widgetType": "google_maps",
                    "elType": "widget"
                }
            ],
            "isInner": false,
            "elType": "container"
        }
    ]
}