{
    "version": "0.4",
    "title": "Contact \u2013 Section \u2013 Metform",
    "type": "section",
    "metadata": {
        "template_type": "section-contact",
        "include_in_zip": "1",
        "elementor_pro_required": null,
        "wp_page_template": "elementor_canvas"
    },
    "content": [
        {
            "id": "3e40b4c9",
            "settings": {
                "flex_direction": "row",
                "flex_wrap": "wrap",
                "flex_gap": {
                    "unit": "px",
                    "size": 0,
                    "column": "0",
                    "row": "10",
                    "isLinked": false
                }
            },
            "elements": [
                {
                    "id": "24cfefa0",
                    "settings": {
                        "flex_direction": "column",
                        "content_width": "full",
                        "width": {
                            "unit": "%",
                            "size": "50"
                        }
                    },
                    "elements": [
                        {
                            "id": "df7054f",
                            "settings": {
                                "mf_input_label": "First Name ",
                                "mf_input_placeholder": "First Name ",
                                "mf_input_validation_warning_message": "This field is required.",
                                "__globals__": {
                                    "mf_input_label_typography_typography": "globals\/typography?id=0d5e945",
                                    "mf_input_label_color": "globals\/colors?id=secondary",
                                    "mf_input_background_color": "globals\/colors?id=a567df4",
                                    "mf_input_border_color": "globals\/colors?id=0f01f5c",
                                    "mf_input_typgraphy_typography": "globals\/typography?id=0d5e945",
                                    "mf_input_place_holder_typography_typography": "globals\/typography?id=0d5e945",
                                    "mf_input_placeholder_color": "globals\/colors?id=primary",
                                    "mf_input_border_hover_color": "globals\/colors?id=0f01f5c",
                                    "mf_input_border_focus_color": "globals\/colors?id=0f01f5c",
                                    "mf_input_color": "globals\/colors?id=primary",
                                    "mf_input_color_hover": "globals\/colors?id=primary",
                                    "mf_input_color_focus": "globals\/colors?id=primary"
                                },
                                "mf_input_background_background": "classic",
                                "mf_input_border_border": "solid",
                                "mf_input_border_width": {
                                    "unit": "px",
                                    "top": "0",
                                    "right": "0",
                                    "bottom": "1",
                                    "left": "0",
                                    "isLinked": false
                                },
                                "mf_input_border_hover_border": "solid",
                                "mf_input_border_hover_width": {
                                    "unit": "px",
                                    "top": "0",
                                    "right": "0",
                                    "bottom": "1",
                                    "left": "0",
                                    "isLinked": false
                                },
                                "mf_input_border_focus_border": "solid",
                                "mf_input_border_focus_width": {
                                    "unit": "px",
                                    "top": "0",
                                    "right": "0",
                                    "bottom": "1",
                                    "left": "0",
                                    "isLinked": false
                                },
                                "mf_input_label_status": "",
                                "mf_input_padding": {
                                    "unit": "px",
                                    "top": "17",
                                    "right": "0",
                                    "bottom": "17",
                                    "left": "20",
                                    "isLinked": false
                                }
                            },
                            "elements": [],
                            "isInner": false,
                            "widgetType": "mf-listing-fname",
                            "elType": "widget"
                        }
                    ],
                    "isInner": true,
                    "elType": "container"
                },
                {
                    "id": "4a5e5dca",
                    "settings": {
                        "flex_direction": "column",
                        "content_width": "full",
                        "width": {
                            "unit": "%",
                            "size": "50"
                        }
                    },
                    "elements": [
                        {
                            "id": "2e5e46ab",
                            "settings": {
                                "mf_input_label": "Last Name",
                                "mf_input_placeholder": "Last Name",
                                "mf_input_validation_warning_message": "This field is required.",
                                "mf_input_background_background": "classic",
                                "mf_input_border_border": "solid",
                                "mf_input_border_width": {
                                    "unit": "px",
                                    "top": "0",
                                    "right": "0",
                                    "bottom": "1",
                                    "left": "0",
                                    "isLinked": false
                                },
                                "__globals__": {
                                    "mf_input_label_typography_typography": "globals\/typography?id=0d5e945",
                                    "mf_input_label_color": "globals\/colors?id=secondary",
                                    "mf_input_background_color": "globals\/colors?id=a567df4",
                                    "mf_input_border_color": "globals\/colors?id=0f01f5c",
                                    "mf_input_typgraphy_typography": "globals\/typography?id=0d5e945",
                                    "mf_input_place_holder_typography_typography": "globals\/typography?id=0d5e945",
                                    "mf_input_placeholder_color": "globals\/colors?id=primary",
                                    "mf_input_border_hover_color": "globals\/colors?id=0f01f5c",
                                    "mf_input_border_focus_color": "globals\/colors?id=0f01f5c",
                                    "mf_input_color": "globals\/colors?id=primary",
                                    "mf_input_color_hover": "globals\/colors?id=primary",
                                    "mf_input_color_focus": "globals\/colors?id=primary"
                                },
                                "mf_input_name": "mf-listing-lname",
                                "mf_input_border_hover_border": "solid",
                                "mf_input_border_hover_width": {
                                    "unit": "px",
                                    "top": "0",
                                    "right": "0",
                                    "bottom": "1",
                                    "left": "0",
                                    "isLinked": false
                                },
                                "mf_input_border_focus_border": "solid",
                                "mf_input_border_focus_width": {
                                    "unit": "px",
                                    "top": "0",
                                    "right": "0",
                                    "bottom": "1",
                                    "left": "0",
                                    "isLinked": false
                                },
                                "mf_input_label_status": "",
                                "mf_input_padding": {
                                    "unit": "px",
                                    "top": "17",
                                    "right": "0",
                                    "bottom": "17",
                                    "left": "20",
                                    "isLinked": false
                                }
                            },
                            "elements": [],
                            "isInner": false,
                            "widgetType": "mf-listing-lname",
                            "elType": "widget"
                        }
                    ],
                    "isInner": true,
                    "elType": "container"
                },
                {
                    "id": "6823b55a",
                    "settings": {
                        "flex_direction": "column",
                        "content_width": "full",
                        "width": {
                            "unit": "%",
                            "size": "50"
                        }
                    },
                    "elements": [
                        {
                            "id": "637fb3bb",
                            "settings": {
                                "mf_input_label": "Email",
                                "mf_input_name": "mf-email_527908",
                                "mf_input_placeholder": "Your Email",
                                "mf_input_validation_warning_message": "This field is required.",
                                "mf_input_background_background": "classic",
                                "mf_input_border_border": "solid",
                                "mf_input_border_width": {
                                    "unit": "px",
                                    "top": "0",
                                    "right": "0",
                                    "bottom": "1",
                                    "left": "0",
                                    "isLinked": false
                                },
                                "__globals__": {
                                    "mf_input_label_typography_typography": "globals\/typography?id=0d5e945",
                                    "mf_input_label_color": "globals\/colors?id=secondary",
                                    "mf_input_background_color": "globals\/colors?id=a567df4",
                                    "mf_input_border_color": "globals\/colors?id=0f01f5c",
                                    "mf_input_typgraphy_typography": "globals\/typography?id=0d5e945",
                                    "mf_input_place_holder_typography_typography": "globals\/typography?id=0d5e945",
                                    "mf_input_placeholder_color": "globals\/colors?id=primary",
                                    "mf_input_border_hover_color": "globals\/colors?id=0f01f5c",
                                    "mf_input_border_focus_color": "globals\/colors?id=0f01f5c",
                                    "mf_input_color": "globals\/colors?id=primary",
                                    "mf_input_color_hover": "globals\/colors?id=primary",
                                    "mf_input_color_focus": "globals\/colors?id=primary"
                                },
                                "mf_input_border_hover_border": "solid",
                                "mf_input_border_hover_width": {
                                    "unit": "px",
                                    "top": "0",
                                    "right": "0",
                                    "bottom": "1",
                                    "left": "0",
                                    "isLinked": false
                                },
                                "mf_input_border_focus_border": "solid",
                                "mf_input_border_focus_width": {
                                    "unit": "px",
                                    "top": "0",
                                    "right": "0",
                                    "bottom": "1",
                                    "left": "0",
                                    "isLinked": false
                                },
                                "mf_input_label_status": "",
                                "mf_input_padding": {
                                    "unit": "px",
                                    "top": "17",
                                    "right": "0",
                                    "bottom": "17",
                                    "left": "20",
                                    "isLinked": false
                                }
                            },
                            "elements": [],
                            "isInner": false,
                            "widgetType": "mf-email",
                            "elType": "widget"
                        }
                    ],
                    "isInner": true,
                    "elType": "container"
                },
                {
                    "id": "7f900282",
                    "settings": {
                        "flex_direction": "column",
                        "content_width": "full",
                        "width": {
                            "unit": "%",
                            "size": "50"
                        }
                    },
                    "elements": [
                        {
                            "id": "69794f55",
                            "settings": {
                                "mf_input_label": "Telephone",
                                "mf_input_name": "mf-telephone",
                                "mf_input_placeholder": "Your number",
                                "mf_input_validation_warning_message": "This field is required.",
                                "mf_input_background_background": "classic",
                                "mf_input_border_border": "solid",
                                "mf_input_border_width": {
                                    "unit": "px",
                                    "top": "0",
                                    "right": "0",
                                    "bottom": "1",
                                    "left": "0",
                                    "isLinked": false
                                },
                                "__globals__": {
                                    "mf_input_label_typography_typography": "globals\/typography?id=0d5e945",
                                    "mf_input_label_color": "globals\/colors?id=secondary",
                                    "mf_input_background_color": "globals\/colors?id=a567df4",
                                    "mf_input_border_color": "globals\/colors?id=0f01f5c",
                                    "mf_input_typgraphy_typography": "globals\/typography?id=0d5e945",
                                    "mf_input_place_holder_typography_typography": "globals\/typography?id=0d5e945",
                                    "mf_input_placeholder_color": "globals\/colors?id=primary",
                                    "mf_input_border_hover_color": "globals\/colors?id=0f01f5c",
                                    "mf_input_border_focus_color": "globals\/colors?id=0f01f5c",
                                    "mf_input_color": "globals\/colors?id=primary",
                                    "mf_input_color_hover": "globals\/colors?id=primary",
                                    "mf_input_color_focus": "globals\/colors?id=primary"
                                },
                                "mf_input_border_hover_border": "solid",
                                "mf_input_border_hover_width": {
                                    "unit": "px",
                                    "top": "0",
                                    "right": "0",
                                    "bottom": "1",
                                    "left": "0",
                                    "isLinked": false
                                },
                                "mf_input_border_focus_border": "solid",
                                "mf_input_border_focus_width": {
                                    "unit": "px",
                                    "top": "0",
                                    "right": "0",
                                    "bottom": "1",
                                    "left": "0",
                                    "isLinked": false
                                },
                                "mf_input_label_status": "",
                                "mf_input_padding": {
                                    "unit": "px",
                                    "top": "17",
                                    "right": "0",
                                    "bottom": "17",
                                    "left": "20",
                                    "isLinked": false
                                }
                            },
                            "elements": [],
                            "isInner": false,
                            "widgetType": "mf-telephone",
                            "elType": "widget"
                        }
                    ],
                    "isInner": true,
                    "elType": "container"
                },
                {
                    "id": "7fea2ef2",
                    "settings": {
                        "flex_direction": "column",
                        "content_width": "full",
                        "width": {
                            "unit": "%",
                            "size": 100
                        }
                    },
                    "elements": [
                        {
                            "id": "793d832a",
                            "settings": {
                                "content_width": "full",
                                "mf_input_label_status": "",
                                "mf_input_label": "Select",
                                "mf_input_name": "mf-select",
                                "mf_input_placeholder": "Select a course",
                                "mf_input_list": [
                                    {
                                        "mf_input_option_text": "Violin",
                                        "mf_input_option_value": "value-1",
                                        "_id": "6d253e2"
                                    },
                                    {
                                        "mf_input_option_text": "Guitar",
                                        "mf_input_option_value": "value-2",
                                        "_id": "3bdcf85"
                                    },
                                    {
                                        "mf_input_option_text": "Piano",
                                        "mf_input_option_value": "value-3",
                                        "_id": "01565a6"
                                    },
                                    {
                                        "mf_input_option_text": "Drum",
                                        "mf_input_option_value": "value-4",
                                        "_id": "d8cc67f"
                                    }
                                ],
                                "mf_input_validation_warning_message": "This field is required.",
                                "mf_input_padding": {
                                    "unit": "px",
                                    "top": "5",
                                    "right": "0",
                                    "bottom": "17",
                                    "left": "20",
                                    "isLinked": false
                                },
                                "mf_input_background_background": "classic",
                                "mf_input_border_border": "solid",
                                "mf_input_border_width": {
                                    "unit": "px",
                                    "top": "0",
                                    "right": "0",
                                    "bottom": "1",
                                    "left": "0",
                                    "isLinked": false
                                },
                                "mf_input_border_hover_border": "solid",
                                "mf_input_border_hover_width": {
                                    "unit": "px",
                                    "top": "0",
                                    "right": "0",
                                    "bottom": "1",
                                    "left": "0",
                                    "isLinked": false
                                },
                                "mf_input_border_focus_border": "solid",
                                "mf_input_border_focus_width": {
                                    "unit": "px",
                                    "top": "0",
                                    "right": "0",
                                    "bottom": "1",
                                    "left": "0",
                                    "isLinked": false
                                },
                                "__globals__": {
                                    "mf_input_label_typography_typography": "globals\/typography?id=0d5e945",
                                    "mf_input_label_color": "globals\/colors?id=secondary",
                                    "mf_input_background_color": "globals\/colors?id=a567df4",
                                    "mf_input_border_color": "globals\/colors?id=0f01f5c",
                                    "mf_input_typgraphy_typography": "globals\/typography?id=0d5e945",
                                    "mf_input_place_holder_typography_typography": "globals\/typography?id=0d5e945",
                                    "mf_input_placeholder_color": "globals\/colors?id=primary",
                                    "mf_input_border_hover_color": "globals\/colors?id=0f01f5c",
                                    "mf_input_border_focus_color": "globals\/colors?id=0f01f5c",
                                    "mf_input_color": "globals\/colors?id=primary",
                                    "mf_input_color_hover": "globals\/colors?id=primary",
                                    "mf_input_color_focus": "globals\/colors?id=primary"
                                }
                            },
                            "elements": [],
                            "isInner": false,
                            "widgetType": "mf-select",
                            "elType": "widget"
                        }
                    ],
                    "isInner": true,
                    "elType": "container"
                },
                {
                    "id": "252ddfa9",
                    "settings": {
                        "flex_direction": "column",
                        "content_width": "full",
                        "width": {
                            "unit": "%",
                            "size": 100
                        }
                    },
                    "elements": [
                        {
                            "id": "67cf39da",
                            "settings": {
                                "mf_input_label": "Your enquiry - how can we help you?",
                                "mf_input_name": "mf-textarea",
                                "mf_input_placeholder": "Your enquiry",
                                "mf_input_validation_warning_message": "This field is required.",
                                "mf_input_background_background": "classic",
                                "mf_input_border_border": "solid",
                                "mf_input_border_width": {
                                    "unit": "px",
                                    "top": "0",
                                    "right": "0",
                                    "bottom": "1",
                                    "left": "0",
                                    "isLinked": false
                                },
                                "__globals__": {
                                    "mf_input_label_typography_typography": "globals\/typography?id=0d5e945",
                                    "mf_input_label_color": "globals\/colors?id=secondary",
                                    "mf_input_background_color": "globals\/colors?id=a567df4",
                                    "mf_input_border_color": "globals\/colors?id=0f01f5c",
                                    "mf_input_typgraphy_typography": "globals\/typography?id=0d5e945",
                                    "mf_input_place_holder_typography_typography": "globals\/typography?id=0d5e945",
                                    "mf_input_placeholder_color": "globals\/colors?id=primary",
                                    "mf_input_border_hover_color": "globals\/colors?id=0f01f5c",
                                    "mf_input_border_focus_color": "globals\/colors?id=0f01f5c",
                                    "mf_input_color": "globals\/colors?id=primary",
                                    "mf_input_color_hover": "globals\/colors?id=primary",
                                    "mf_input_color_focus": "globals\/colors?id=primary"
                                },
                                "mf_input_border_hover_border": "solid",
                                "mf_input_border_hover_width": {
                                    "unit": "px",
                                    "top": "0",
                                    "right": "0",
                                    "bottom": "1",
                                    "left": "0",
                                    "isLinked": false
                                },
                                "mf_input_border_focus_border": "solid",
                                "mf_input_border_focus_width": {
                                    "unit": "px",
                                    "top": "0",
                                    "right": "0",
                                    "bottom": "1",
                                    "left": "0",
                                    "isLinked": false
                                },
                                "mf_input_label_status": "",
                                "mf_input_padding": {
                                    "unit": "px",
                                    "top": "17",
                                    "right": "0",
                                    "bottom": "17",
                                    "left": "20",
                                    "isLinked": false
                                }
                            },
                            "elements": [],
                            "isInner": false,
                            "widgetType": "mf-textarea",
                            "elType": "widget"
                        }
                    ],
                    "isInner": true,
                    "elType": "container"
                },
                {
                    "id": "15ad20fe",
                    "settings": {
                        "flex_direction": "column",
                        "content_width": "full",
                        "width": {
                            "unit": "%",
                            "size": 100
                        }
                    },
                    "elements": [
                        {
                            "id": "4ac3f397",
                            "settings": {
                                "mf_btn_text": "Submit",
                                "mf_btn_align": "justify",
                                "mf_hidden_input": [],
                                "mf_btn_bg_color_background": "classic",
                                "mf_btn_bg_hover_color_background": "classic",
                                "mf_btn_border_radius": {
                                    "unit": "px",
                                    "top": "8",
                                    "right": "8",
                                    "bottom": "8",
                                    "left": "8",
                                    "isLinked": true
                                },
                                "__globals__": {
                                    "mf_btn_typography_typography": "globals\/typography?id=accent",
                                    "mf_btn_bg_color_color": "globals\/colors?id=0f01f5c",
                                    "mf_btn_bg_hover_color_color": "globals\/colors?id=secondary",
                                    "mf_btn_hover_color": "globals\/colors?id=a567df4",
                                    "mf_btn_text_color": "globals\/colors?id=a567df4",
                                    "mf_btn_bg_hover_color_color_b": "globals\/colors?id=4a5499b"
                                },
                                "mf_btn_align_tablet": "justify",
                                "mf_btn_align_mobile": "justify",
                                "mf_btn_box_shadow_group_box_shadow_type": "yes",
                                "mf_btn_box_shadow_group_box_shadow": {
                                    "horizontal": 0,
                                    "vertical": 0,
                                    "blur": 10,
                                    "spread": 0,
                                    "color": "rgba(0, 0, 0, 0)"
                                },
                                "mf_btn_text_padding": {
                                    "unit": "px",
                                    "top": "24",
                                    "right": "20",
                                    "bottom": "24",
                                    "left": "20",
                                    "isLinked": false
                                },
                                "mf_btn_typography_typography": "custom",
                                "mf_btn_typography_font_family": "Lato",
                                "mf_btn_typography_font_size": {
                                    "unit": "px",
                                    "size": 13,
                                    "sizes": []
                                },
                                "mf_btn_typography_font_size_tablet": {
                                    "unit": "px",
                                    "size": 12,
                                    "sizes": []
                                },
                                "mf_btn_typography_font_size_mobile": {
                                    "unit": "px",
                                    "size": 12,
                                    "sizes": []
                                },
                                "mf_btn_typography_font_weight": "600",
                                "mf_btn_typography_text_transform": "uppercase",
                                "mf_btn_typography_text_decoration": "none",
                                "mf_btn_typography_letter_spacing": {
                                    "unit": "px",
                                    "size": 1.3,
                                    "sizes": []
                                },
                                "mf_btn_typography_word_spacing": {
                                    "unit": "px",
                                    "size": 0,
                                    "sizes": []
                                },
                                "mf_btn_text_color": "#FFFFFF",
                                "mf_btn_bg_hover_color_color": "#1A1818"
                            },
                            "elements": [],
                            "isInner": false,
                            "widgetType": "mf-button",
                            "elType": "widget"
                        }
                    ],
                    "isInner": true,
                    "elType": "container"
                }
            ],
            "isInner": false,
            "elType": "container"
        }
    ]
}