{
    "version": "0.4",
    "title": "Global Kit Styles",
    "type": "section",
    "metadata": {
        "template_type": "global-styles",
        "include_in_zip": "1",
        "elementor_pro_required": null,
        "additional_template_information": [
            "These are the global theme styles configured through the Elementor Theme Styles area."
        ],
        "wp_page_template": "default"
    },
    "content": [],
    "page_settings": {
        "system_colors": [
            {
                "_id": "primary",
                "title": "Primary",
                "color": "#021321"
            },
            {
                "_id": "secondary",
                "title": "Secondary",
                "color": "#533C00"
            },
            {
                "_id": "text",
                "title": "Text",
                "color": "#7D7D7D"
            },
            {
                "_id": "accent",
                "title": "Accent",
                "color": "#B9B9B9"
            }
        ],
        "custom_colors": [
            {
                "_id": "a567df4",
                "title": "Background 01",
                "color": "#FFFFFF"
            },
            {
                "_id": "495d27d",
                "title": "Background 02",
                "color": "#F5F5F5"
            },
            {
                "_id": "3099df0",
                "title": "Background 03",
                "color": "#F9F4EF"
            },
            {
                "_id": "4a5499b",
                "title": "Background 04",
                "color": "#F8D8A4"
            },
            {
                "_id": "0f01f5c",
                "title": "Background 05",
                "color": "#8B7D59"
            },
            {
                "_id": "742343e",
                "title": "Background 06",
                "color": "#221800"
            },
            {
                "_id": "f2f4693",
                "title": "Background 07",
                "color": "#031732"
            },
            {
                "_id": "17e5b02",
                "title": "Background 09",
                "color": "#E7F7FF"
            },
            {
                "_id": "659f957",
                "title": "Border 01",
                "color": "#87868636"
            },
            {
                "_id": "b96bd57",
                "title": "Hover Link",
                "color": "#437BE2"
            }
        ],
        "system_typography": [
            {
                "_id": "primary",
                "title": "H1 Heading",
                "typography_typography": "custom",
                "typography_font_family": "Kaisei Decol",
                "typography_font_weight": "400",
                "typography_font_size": {
                    "unit": "px",
                    "size": 97,
                    "sizes": []
                },
                "typography_text_transform": "none",
                "typography_line_height": {
                    "unit": "em",
                    "size": 1.1000000000000001,
                    "sizes": []
                },
                "typography_font_size_tablet": {
                    "unit": "px",
                    "size": 85,
                    "sizes": []
                },
                "typography_font_size_mobile": {
                    "unit": "px",
                    "size": 60,
                    "sizes": []
                },
                "typography_letter_spacing": {
                    "unit": "px",
                    "size": -1,
                    "sizes": []
                },
                "typography_font_size_laptop": {
                    "unit": "px",
                    "size": 85,
                    "sizes": []
                }
            },
            {
                "_id": "secondary",
                "title": "H2 Heading",
                "typography_typography": "custom",
                "typography_font_family": "Kaisei Decol",
                "typography_font_weight": "400",
                "typography_font_size": {
                    "unit": "px",
                    "size": 55,
                    "sizes": []
                },
                "typography_text_transform": "none",
                "typography_line_height": {
                    "unit": "em",
                    "size": 1.2,
                    "sizes": []
                },
                "typography_font_size_tablet": {
                    "unit": "px",
                    "size": 37,
                    "sizes": []
                },
                "typography_font_size_mobile": {
                    "unit": "px",
                    "size": 34,
                    "sizes": []
                },
                "typography_letter_spacing": {
                    "unit": "px",
                    "size": -1,
                    "sizes": []
                }
            },
            {
                "_id": "text",
                "title": "Text",
                "typography_typography": "custom",
                "typography_font_family": "Lato",
                "typography_font_weight": "400",
                "typography_font_size": {
                    "unit": "px",
                    "size": 16,
                    "sizes": []
                },
                "typography_text_transform": "none",
                "typography_line_height": {
                    "unit": "em",
                    "size": 1.7,
                    "sizes": []
                },
                "typography_font_size_tablet": {
                    "unit": "px",
                    "size": 15,
                    "sizes": []
                },
                "typography_font_size_mobile": {
                    "unit": "px",
                    "size": 15,
                    "sizes": []
                },
                "typography_letter_spacing": {
                    "unit": "px",
                    "size": 0.5,
                    "sizes": []
                }
            },
            {
                "_id": "accent",
                "title": "Button",
                "typography_typography": "custom",
                "typography_font_family": "Lato",
                "typography_font_weight": "400",
                "typography_font_size": {
                    "unit": "px",
                    "size": 16,
                    "sizes": []
                },
                "typography_text_decoration": "none",
                "typography_font_size_tablet": {
                    "unit": "px",
                    "size": 15,
                    "sizes": []
                },
                "typography_font_size_mobile": {
                    "unit": "px",
                    "size": 15,
                    "sizes": []
                },
                "typography_letter_spacing": {
                    "unit": "px",
                    "size": 0,
                    "sizes": []
                },
                "typography_word_spacing": {
                    "unit": "px",
                    "size": 2,
                    "sizes": []
                }
            }
        ],
        "custom_typography": [
            {
                "typography_typography": "custom",
                "typography_font_family": "Kaisei Decol",
                "typography_font_size": {
                    "unit": "px",
                    "size": 38,
                    "sizes": []
                },
                "typography_font_size_tablet": {
                    "unit": "px",
                    "size": 27,
                    "sizes": []
                },
                "typography_font_size_mobile": {
                    "unit": "px",
                    "size": 27,
                    "sizes": []
                },
                "typography_font_weight": "400",
                "typography_text_transform": "none",
                "typography_line_height": {
                    "unit": "em",
                    "size": 1.3,
                    "sizes": []
                },
                "typography_word_spacing": {
                    "unit": "em",
                    "size": "",
                    "sizes": []
                },
                "_id": "887363b",
                "title": "H3 ",
                "typography_letter_spacing": {
                    "unit": "px",
                    "size": 0.5,
                    "sizes": []
                }
            },
            {
                "typography_typography": "custom",
                "typography_font_family": "Kaisei Decol",
                "typography_font_size": {
                    "unit": "px",
                    "size": 26,
                    "sizes": []
                },
                "typography_font_size_tablet": {
                    "unit": "px",
                    "size": 24,
                    "sizes": []
                },
                "typography_font_size_mobile": {
                    "unit": "px",
                    "size": 23,
                    "sizes": []
                },
                "typography_font_weight": "500",
                "typography_text_transform": "none",
                "typography_line_height": {
                    "unit": "em",
                    "size": 1.3,
                    "sizes": []
                },
                "typography_word_spacing": {
                    "unit": "em",
                    "size": "",
                    "sizes": []
                },
                "_id": "db1e030",
                "title": "H4",
                "typography_letter_spacing": {
                    "unit": "px",
                    "size": 0.29999999999999999,
                    "sizes": []
                },
                "typography_font_size_laptop": {
                    "unit": "px",
                    "size": 26,
                    "sizes": []
                }
            },
            {
                "typography_typography": "custom",
                "typography_font_family": "Lato",
                "typography_font_size": {
                    "unit": "px",
                    "size": 18,
                    "sizes": []
                },
                "typography_font_size_tablet": {
                    "unit": "px",
                    "size": 17,
                    "sizes": []
                },
                "typography_font_size_mobile": {
                    "unit": "px",
                    "size": 17,
                    "sizes": []
                },
                "typography_font_weight": "500",
                "typography_text_transform": "none",
                "typography_line_height": {
                    "unit": "em",
                    "size": 1.3,
                    "sizes": []
                },
                "_id": "ef116fc",
                "title": "H5",
                "typography_letter_spacing": {
                    "unit": "px",
                    "size": 0.5,
                    "sizes": []
                },
                "typography_font_size_laptop": {
                    "unit": "px",
                    "size": 18,
                    "sizes": []
                }
            },
            {
                "typography_typography": "custom",
                "typography_font_family": "Lato",
                "typography_font_size": {
                    "unit": "px",
                    "size": 15,
                    "sizes": []
                },
                "typography_font_size_tablet": {
                    "unit": "px",
                    "size": 14,
                    "sizes": []
                },
                "typography_font_weight": "400",
                "typography_line_height": {
                    "unit": "em",
                    "size": 1.8,
                    "sizes": []
                },
                "typography_word_spacing": {
                    "unit": "em",
                    "size": "",
                    "sizes": []
                },
                "_id": "0d5e945",
                "title": "H6 ",
                "typography_letter_spacing": {
                    "unit": "px",
                    "size": 0.5,
                    "sizes": []
                },
                "typography_font_size_mobile": {
                    "unit": "px",
                    "size": 13,
                    "sizes": []
                }
            },
            {
                "typography_typography": "custom",
                "typography_font_family": "Lato",
                "typography_font_size": {
                    "unit": "px",
                    "size": 12,
                    "sizes": []
                },
                "typography_font_size_tablet": {
                    "unit": "px",
                    "size": 11,
                    "sizes": []
                },
                "typography_font_size_mobile": {
                    "unit": "px",
                    "size": 11,
                    "sizes": []
                },
                "typography_font_weight": "400",
                "typography_text_transform": "none",
                "typography_line_height": {
                    "unit": "em",
                    "size": 1,
                    "sizes": []
                },
                "typography_line_height_mobile": {
                    "unit": "em",
                    "size": 1.5,
                    "sizes": []
                },
                "typography_letter_spacing": {
                    "unit": "px",
                    "size": 0.20000000000000001,
                    "sizes": []
                },
                "typography_word_spacing": {
                    "unit": "em",
                    "size": "",
                    "sizes": []
                },
                "_id": "bf0e125",
                "title": "Font 11 px"
            },
            {
                "typography_typography": "custom",
                "typography_font_family": "Lato",
                "typography_font_size": {
                    "unit": "px",
                    "size": 14,
                    "sizes": []
                },
                "typography_font_size_tablet": {
                    "unit": "px",
                    "size": 12,
                    "sizes": []
                },
                "typography_font_size_mobile": {
                    "unit": "px",
                    "size": 12,
                    "sizes": []
                },
                "typography_font_weight": "400",
                "typography_text_transform": "none",
                "typography_line_height": {
                    "unit": "em",
                    "size": 1.5,
                    "sizes": []
                },
                "typography_letter_spacing": {
                    "unit": "px",
                    "size": 0.20000000000000001,
                    "sizes": []
                },
                "_id": "d848767",
                "title": "Font 14 px",
                "typography_line_height_mobile": {
                    "unit": "em",
                    "size": 1.5,
                    "sizes": []
                }
            },
            {
                "typography_typography": "custom",
                "typography_font_family": "Kaisei Decol",
                "typography_font_size": {
                    "unit": "px",
                    "size": 21,
                    "sizes": []
                },
                "typography_font_size_tablet": {
                    "unit": "px",
                    "size": 19,
                    "sizes": []
                },
                "typography_font_size_mobile": {
                    "unit": "px",
                    "size": 19,
                    "sizes": []
                },
                "typography_font_weight": "500",
                "typography_line_height": {
                    "unit": "em",
                    "size": "",
                    "sizes": []
                },
                "typography_letter_spacing": {
                    "unit": "px",
                    "size": 0,
                    "sizes": []
                },
                "typography_word_spacing": {
                    "unit": "em",
                    "size": "",
                    "sizes": []
                },
                "_id": "5e61d38",
                "title": "Font 22 px"
            },
            {
                "typography_typography": "custom",
                "typography_font_family": "Lora",
                "typography_font_size": {
                    "unit": "px",
                    "size": 15,
                    "sizes": []
                },
                "typography_font_size_tablet": {
                    "unit": "px",
                    "size": 13,
                    "sizes": []
                },
                "typography_font_size_mobile": {
                    "unit": "px",
                    "size": 13,
                    "sizes": []
                },
                "typography_font_weight": "500",
                "typography_text_transform": "none",
                "typography_line_height": {
                    "unit": "em",
                    "size": 1.3999999999999999,
                    "sizes": []
                },
                "_id": "58f3e1d",
                "title": "Acent text",
                "typography_letter_spacing": {
                    "unit": "px",
                    "size": 0.10000000000000001,
                    "sizes": []
                }
            },
            {
                "typography_typography": "custom",
                "typography_font_family": "Lora",
                "typography_font_size": {
                    "unit": "px",
                    "size": 56,
                    "sizes": []
                },
                "typography_font_size_tablet": {
                    "unit": "px",
                    "size": 40,
                    "sizes": []
                },
                "typography_font_size_mobile": {
                    "unit": "px",
                    "size": 38,
                    "sizes": []
                },
                "typography_font_weight": "300",
                "typography_text_transform": "none",
                "typography_line_height": {
                    "unit": "em",
                    "size": 1.3,
                    "sizes": []
                },
                "_id": "1d44c72",
                "title": "Counter",
                "typography_letter_spacing": {
                    "unit": "px",
                    "size": -3,
                    "sizes": []
                }
            },
            {
                "typography_typography": "custom",
                "typography_font_family": "Lato",
                "typography_font_size": {
                    "unit": "px",
                    "size": 14,
                    "sizes": []
                },
                "typography_font_weight": "600",
                "typography_letter_spacing": {
                    "unit": "px",
                    "size": 1,
                    "sizes": []
                },
                "_id": "6aaa7b7",
                "title": "Header Menu",
                "typography_text_transform": "uppercase",
                "typography_font_size_laptop": {
                    "unit": "px",
                    "size": 13,
                    "sizes": []
                }
            },
            {
                "typography_typography": "custom",
                "typography_font_family": "Lato",
                "typography_font_size": {
                    "unit": "px",
                    "size": 14,
                    "sizes": []
                },
                "typography_font_weight": "400",
                "_id": "ec93f83",
                "title": "Header Submenu",
                "typography_line_height": {
                    "unit": "em",
                    "size": 1.8,
                    "sizes": []
                },
                "typography_letter_spacing": {
                    "unit": "px",
                    "size": 0.5,
                    "sizes": []
                }
            },
            {
                "typography_typography": "custom",
                "typography_font_family": "Lora",
                "typography_font_size": {
                    "unit": "px",
                    "size": 19,
                    "sizes": []
                },
                "typography_font_size_tablet": {
                    "unit": "px",
                    "size": 16,
                    "sizes": []
                },
                "typography_font_size_mobile": {
                    "unit": "px",
                    "size": 16,
                    "sizes": []
                },
                "typography_font_weight": "300",
                "typography_text_transform": "none",
                "typography_font_style": "italic",
                "typography_line_height": {
                    "unit": "em",
                    "size": 1.8,
                    "sizes": []
                },
                "typography_letter_spacing": {
                    "unit": "px",
                    "size": 0.29999999999999999,
                    "sizes": []
                },
                "_id": "cf855e7",
                "title": "Testimonial text"
            },
            {
                "typography_typography": "custom",
                "typography_font_family": "Lato",
                "typography_font_size": {
                    "unit": "px",
                    "size": 12,
                    "sizes": []
                },
                "typography_font_size_tablet": {
                    "unit": "px",
                    "size": 11,
                    "sizes": []
                },
                "typography_font_size_mobile": {
                    "unit": "px",
                    "size": 11,
                    "sizes": []
                },
                "typography_font_weight": "600",
                "typography_text_transform": "uppercase",
                "typography_line_height": {
                    "unit": "em",
                    "size": 1.3999999999999999,
                    "sizes": []
                },
                "typography_letter_spacing": {
                    "unit": "px",
                    "size": 1,
                    "sizes": []
                },
                "typography_word_spacing": {
                    "unit": "em",
                    "size": "",
                    "sizes": []
                },
                "_id": "08fdc8c",
                "title": "Top Before Title"
            }
        ],
        "default_generic_fonts": "Sans-serif",
        "page_title_selector": "h1.entry-title",
        "hello_footer_copyright_text": "Copyright \u00a9 2023 Arno | Powered by Onecontributor",
        "activeItemIndex": 1,
        "viewport_md": 768,
        "viewport_lg": 1025,
        "body_background_background": "classic",
        "button_border_border": "none",
        "button_border_width": {
            "unit": "px",
            "top": "0",
            "right": "0",
            "bottom": "0",
            "left": "0",
            "isLinked": true
        },
        "button_border_radius": {
            "unit": "px",
            "top": "8",
            "right": "8",
            "bottom": "8",
            "left": "8",
            "isLinked": true
        },
        "button_padding": {
            "unit": "px",
            "top": "17",
            "right": "45",
            "bottom": "17",
            "left": "45",
            "isLinked": false
        },
        "form_field_border_border": "solid",
        "form_field_border_width": {
            "unit": "px",
            "top": "0",
            "right": "0",
            "bottom": "0",
            "left": "0",
            "isLinked": false
        },
        "form_field_border_radius": {
            "unit": "px",
            "top": "0",
            "right": "0",
            "bottom": "0",
            "left": "0",
            "isLinked": false
        },
        "form_field_padding": {
            "unit": "px",
            "top": "12",
            "right": "20",
            "bottom": "11",
            "left": "30",
            "isLinked": false
        },
        "__globals__": {
            "body_color": "globals\/colors?id=text",
            "body_typography_typography": "globals\/typography?id=text",
            "link_normal_color": "",
            "link_hover_color": "globals\/colors?id=primary",
            "h1_color": "globals\/colors?id=primary",
            "h1_typography_typography": "globals\/typography?id=primary",
            "h2_color": "globals\/colors?id=primary",
            "h2_typography_typography": "globals\/typography?id=secondary",
            "h3_color": "globals\/colors?id=primary",
            "h3_typography_typography": "globals\/typography?id=887363b",
            "h4_color": "globals\/colors?id=primary",
            "h4_typography_typography": "globals\/typography?id=db1e030",
            "h5_color": "globals\/colors?id=primary",
            "h5_typography_typography": "globals\/typography?id=ef116fc",
            "h6_color": "globals\/colors?id=primary",
            "h6_typography_typography": "globals\/typography?id=0d5e945",
            "button_typography_typography": "globals\/typography?id=accent",
            "button_background_color": "globals\/colors?id=4a5499b",
            "button_hover_background_color": "globals\/colors?id=0f01f5c",
            "form_label_color": "globals\/colors?id=primary",
            "form_label_typography_typography": "globals\/typography?id=text",
            "form_field_typography_typography": "globals\/typography?id=text",
            "form_field_text_color": "globals\/colors?id=primary",
            "form_field_background_color": "",
            "body_background_color": "globals\/colors?id=a567df4",
            "mobile_browser_background": "globals\/colors?id=a567df4",
            "button_hover_text_color": "globals\/colors?id=a567df4",
            "button_text_color": "globals\/colors?id=primary",
            "hello_footer_copyright_typography_typography": "globals\/typography?id=d848767",
            "hello_footer_copyright_color": "globals\/colors?id=accent",
            "hello_footer_tagline_typography_typography": "globals\/typography?id=text",
            "button_hover_background_color_b": "globals\/colors?id=f2f4693"
        },
        "body_color": "#5D5D5D",
        "body_typography_typography": "custom",
        "body_typography_font_family": "Lato",
        "body_typography_font_size": {
            "unit": "px",
            "size": 18,
            "sizes": []
        },
        "body_typography_font_weight": "400",
        "body_typography_text_transform": "none",
        "body_typography_line_height": {
            "unit": "em",
            "size": 1.6000000000000001,
            "sizes": []
        },
        "link_hover_color": "#39342B",
        "h1_color": "#39342B",
        "h1_typography_typography": "custom",
        "h1_typography_font_family": "Lora",
        "h1_typography_font_size": {
            "unit": "px",
            "size": 76,
            "sizes": []
        },
        "h1_typography_font_weight": "200",
        "h1_typography_text_transform": "none",
        "h1_typography_line_height": {
            "unit": "em",
            "size": 1.3,
            "sizes": []
        },
        "h1_typography_letter_spacing": {
            "unit": "px",
            "size": -1,
            "sizes": []
        },
        "h2_color": "#39342B",
        "h2_typography_typography": "custom",
        "h2_typography_font_family": "Lora",
        "h2_typography_font_size": {
            "unit": "px",
            "size": 55,
            "sizes": []
        },
        "h2_typography_font_weight": "500",
        "h2_typography_text_transform": "none",
        "h2_typography_line_height": {
            "unit": "em",
            "size": 1.2,
            "sizes": []
        },
        "h2_typography_letter_spacing": {
            "unit": "px",
            "size": -1,
            "sizes": []
        },
        "h3_color": "#39342B",
        "h3_typography_typography": "custom",
        "h3_typography_font_family": "Lora",
        "h3_typography_font_size": {
            "unit": "px",
            "size": 37,
            "sizes": []
        },
        "h3_typography_font_weight": "400",
        "h3_typography_text_transform": "none",
        "h3_typography_line_height": {
            "unit": "em",
            "size": 1.3,
            "sizes": []
        },
        "h3_typography_word_spacing": {
            "unit": "em",
            "size": "",
            "sizes": []
        },
        "h4_color": "#39342B",
        "h4_typography_typography": "custom",
        "h4_typography_font_family": "Lora",
        "h4_typography_font_size": {
            "unit": "px",
            "size": 26,
            "sizes": []
        },
        "h4_typography_font_weight": "500",
        "h4_typography_text_transform": "none",
        "h4_typography_line_height": {
            "unit": "em",
            "size": 1.3,
            "sizes": []
        },
        "h4_typography_letter_spacing": {
            "unit": "px",
            "size": -0.29999999999999999,
            "sizes": []
        },
        "h4_typography_word_spacing": {
            "unit": "em",
            "size": "",
            "sizes": []
        },
        "h5_color": "#39342B",
        "h5_typography_typography": "custom",
        "h5_typography_font_family": "Lato",
        "h5_typography_font_size": {
            "unit": "px",
            "size": 20,
            "sizes": []
        },
        "h5_typography_font_weight": "700",
        "h5_typography_text_transform": "none",
        "h5_typography_line_height": {
            "unit": "em",
            "size": 1.3,
            "sizes": []
        },
        "h5_typography_word_spacing": {
            "unit": "em",
            "size": "",
            "sizes": []
        },
        "h6_color": "#39342B",
        "h6_typography_typography": "custom",
        "h6_typography_font_family": "Lato",
        "h6_typography_font_size": {
            "unit": "px",
            "size": 15,
            "sizes": []
        },
        "h6_typography_font_weight": "400",
        "h6_typography_line_height": {
            "unit": "em",
            "size": "",
            "sizes": []
        },
        "h6_typography_letter_spacing": {
            "unit": "px",
            "size": 0.5,
            "sizes": []
        },
        "h6_typography_word_spacing": {
            "unit": "em",
            "size": "",
            "sizes": []
        },
        "form_label_color": "#39342B",
        "form_field_text_color": "#39342B",
        "body_background_color": "#FFFFFF",
        "mobile_browser_background": "#FFFFFF",
        "body_typography_font_size_tablet": {
            "unit": "px",
            "size": 14,
            "sizes": []
        },
        "body_typography_font_size_mobile": {
            "unit": "px",
            "size": 14,
            "sizes": []
        },
        "h1_typography_font_size_tablet": {
            "unit": "px",
            "size": 52,
            "sizes": []
        },
        "h1_typography_font_size_mobile": {
            "unit": "px",
            "size": 45,
            "sizes": []
        },
        "h2_typography_font_size_tablet": {
            "unit": "px",
            "size": 37,
            "sizes": []
        },
        "h2_typography_font_size_mobile": {
            "unit": "px",
            "size": 34,
            "sizes": []
        },
        "h3_typography_font_size_tablet": {
            "unit": "px",
            "size": 27,
            "sizes": []
        },
        "h3_typography_font_size_mobile": {
            "unit": "px",
            "size": 27,
            "sizes": []
        },
        "h4_typography_font_size_tablet": {
            "unit": "px",
            "size": 24,
            "sizes": []
        },
        "h4_typography_font_size_mobile": {
            "unit": "px",
            "size": 24,
            "sizes": []
        },
        "h5_typography_font_size_tablet": {
            "unit": "px",
            "size": 19,
            "sizes": []
        },
        "h5_typography_font_size_mobile": {
            "unit": "px",
            "size": 19,
            "sizes": []
        },
        "h6_typography_font_size_tablet": {
            "unit": "px",
            "size": 14,
            "sizes": []
        },
        "active_breakpoints": [
            "viewport_mobile",
            "viewport_tablet",
            "viewport_laptop"
        ],
        "form_field_focus_border_border": "solid",
        "form_field_focus_border_width": {
            "unit": "px",
            "top": "0",
            "right": "0",
            "bottom": "0",
            "left": "0",
            "isLinked": true
        },
        "form_field_border_color": "#FFFFFF00",
        "form_field_focus_border_color": "#FFFFFF00",
        "form_field_box_shadow_box_shadow": {
            "horizontal": 0,
            "vertical": 0,
            "blur": 10,
            "spread": 0,
            "color": "rgba(0, 0, 0, 0.08)"
        },
        "body_typography_letter_spacing": {
            "unit": "px",
            "size": 0.5,
            "sizes": []
        },
        "h3_typography_letter_spacing": {
            "unit": "px",
            "size": 0.5,
            "sizes": []
        },
        "h5_typography_letter_spacing": {
            "unit": "px",
            "size": 0.5,
            "sizes": []
        },
        "button_text_color": "#F5C476",
        "button_hover_text_color": "#B9B9B9",
        "form_label_typography_typography": "custom",
        "form_label_typography_font_family": "Lato",
        "form_label_typography_font_size": {
            "unit": "px",
            "size": 18,
            "sizes": []
        },
        "form_label_typography_font_weight": "400",
        "form_label_typography_text_transform": "none",
        "form_label_typography_line_height": {
            "unit": "em",
            "size": 1.6000000000000001,
            "sizes": []
        },
        "form_label_typography_letter_spacing": {
            "unit": "px",
            "size": 0.5,
            "sizes": []
        },
        "form_field_typography_typography": "custom",
        "form_field_typography_font_family": "Lato",
        "form_field_typography_font_size": {
            "unit": "px",
            "size": 18,
            "sizes": []
        },
        "form_field_typography_font_weight": "400",
        "form_field_typography_text_transform": "none",
        "form_field_typography_line_height": {
            "unit": "em",
            "size": 1.6000000000000001,
            "sizes": []
        },
        "form_field_typography_letter_spacing": {
            "unit": "px",
            "size": 0.5,
            "sizes": []
        },
        "form_label_typography_font_size_tablet": {
            "unit": "px",
            "size": 14,
            "sizes": []
        },
        "form_label_typography_font_size_mobile": {
            "unit": "px",
            "size": 14,
            "sizes": []
        },
        "form_field_typography_font_size_tablet": {
            "unit": "px",
            "size": 14,
            "sizes": []
        },
        "form_field_typography_font_size_mobile": {
            "unit": "px",
            "size": 14,
            "sizes": []
        },
        "hello_header_menu": "3",
        "hello_footer_layout": "stacked",
        "button_typography_typography": "custom",
        "button_typography_font_family": "Lato",
        "button_typography_font_size": {
            "unit": "px",
            "size": 14,
            "sizes": []
        },
        "button_typography_font_weight": "600",
        "button_typography_text_transform": "uppercase",
        "button_typography_text_decoration": "none",
        "button_typography_letter_spacing": {
            "unit": "px",
            "size": 1.3,
            "sizes": []
        },
        "button_typography_word_spacing": {
            "unit": "px",
            "size": 0,
            "sizes": []
        },
        "button_hover_background_color": "#1A1818",
        "hello_footer_tagline_typography_typography": "custom",
        "hello_footer_tagline_typography_font_family": "Lato",
        "hello_footer_tagline_typography_font_size": {
            "unit": "px",
            "size": 18,
            "sizes": []
        },
        "hello_footer_tagline_typography_font_weight": "400",
        "hello_footer_tagline_typography_text_transform": "none",
        "hello_footer_tagline_typography_line_height": {
            "unit": "em",
            "size": 1.6000000000000001,
            "sizes": []
        },
        "hello_footer_tagline_typography_letter_spacing": {
            "unit": "px",
            "size": 0.5,
            "sizes": []
        },
        "hello_footer_copyright_color": "#B9B9B9",
        "hello_footer_copyright_typography_typography": "custom",
        "hello_footer_copyright_typography_font_family": "Lato",
        "hello_footer_copyright_typography_font_size": {
            "unit": "px",
            "size": 14,
            "sizes": []
        },
        "hello_footer_copyright_typography_font_weight": "400",
        "hello_footer_copyright_typography_text_transform": "none",
        "hello_footer_copyright_typography_line_height": {
            "unit": "em",
            "size": 1.5,
            "sizes": []
        },
        "hello_footer_copyright_typography_letter_spacing": {
            "unit": "px",
            "size": 0.20000000000000001,
            "sizes": []
        },
        "hello_footer_copyright_typography_word_spacing": {
            "unit": "em",
            "size": "",
            "sizes": []
        },
        "h1_typography_font_size_laptop": {
            "unit": "px",
            "size": 63,
            "sizes": []
        },
        "h4_typography_font_size_laptop": {
            "unit": "px",
            "size": 26,
            "sizes": []
        },
        "button_typography_font_size_tablet": {
            "unit": "px",
            "size": 12,
            "sizes": []
        },
        "button_typography_font_size_mobile": {
            "unit": "px",
            "size": 12,
            "sizes": []
        },
        "hello_footer_tagline_typography_font_size_tablet": {
            "unit": "px",
            "size": 14,
            "sizes": []
        },
        "hello_footer_tagline_typography_font_size_mobile": {
            "unit": "px",
            "size": 14,
            "sizes": []
        },
        "hello_footer_copyright_typography_font_size_tablet": {
            "unit": "px",
            "size": 12,
            "sizes": []
        },
        "hello_footer_copyright_typography_font_size_mobile": {
            "unit": "px",
            "size": 12,
            "sizes": []
        },
        "hello_footer_copyright_typography_line_height_mobile": {
            "unit": "em",
            "size": 1.5,
            "sizes": []
        },
        "button_hover_background_gradient_angle": {
            "unit": "deg",
            "size": 120,
            "sizes": []
        }
    }
}