{
    "version": "0.4",
    "title": "Header",
    "type": "section",
    "metadata": {
        "template_type": "section-header",
        "include_in_zip": "1",
        "elementor_pro_required": null,
        "wp_page_template": "elementor_canvas"
    },
    "content": [
        {
            "id": "1b79664a",
            "settings": {
                "flex_direction": "column",
                "boxed_width": {
                    "unit": "px",
                    "size": 1600,
                    "sizes": []
                },
                "flex_justify_content": "center",
                "flex_align_items": "center",
                "flex_direction_mobile": "row",
                "flex_align_items_mobile": "center",
                "flex_wrap_mobile": "wrap",
                "padding_mobile": {
                    "unit": "px",
                    "top": "15",
                    "right": "5",
                    "bottom": "10",
                    "left": "5",
                    "isLinked": false
                },
                "flex_justify_content_mobile": "space-between",
                "background_background": "classic",
                "__globals__": {
                    "background_color": "globals\/colors?id=primary"
                },
                "padding": {
                    "unit": "px",
                    "top": "25",
                    "right": "0",
                    "bottom": "0",
                    "left": "0",
                    "isLinked": false
                },
                "z_index": 10,
                "padding_tablet": {
                    "unit": "px",
                    "top": "10",
                    "right": "0",
                    "bottom": "10",
                    "left": "0",
                    "isLinked": false
                }
            },
            "elements": [
                {
                    "id": "423f428a",
                    "settings": {
                        "content_width": "full",
                        "width": {
                            "unit": "%",
                            "size": 100,
                            "sizes": []
                        },
                        "flex_direction": "row",
                        "flex_justify_content": "space-between",
                        "border_border": "solid",
                        "border_width": {
                            "unit": "px",
                            "top": "0",
                            "right": "0",
                            "bottom": "0",
                            "left": "0",
                            "isLinked": false
                        },
                        "__globals__": {
                            "border_color": "globals\/colors?id=659f957"
                        },
                        "width_mobile": {
                            "unit": "%",
                            "size": 100,
                            "sizes": []
                        },
                        "border_width_mobile": {
                            "unit": "px",
                            "top": "0",
                            "right": "0",
                            "bottom": "0",
                            "left": "0",
                            "isLinked": false
                        },
                        "flex_wrap": "wrap"
                    },
                    "elements": [
                        {
                            "id": "388f8a80",
                            "settings": {
                                "flex_justify_content": "center",
                                "padding_mobile": {
                                    "unit": "px",
                                    "top": "0",
                                    "right": "0",
                                    "bottom": "0",
                                    "left": "0",
                                    "isLinked": false
                                },
                                "hide_mobile": "hidden-mobile",
                                "flex_align_items": "flex-start",
                                "content_width": "full",
                                "width": {
                                    "unit": "%",
                                    "size": 30,
                                    "sizes": []
                                },
                                "hide_tablet": "hidden-tablet"
                            },
                            "elements": [
                                {
                                    "id": "34b6f5e3",
                                    "settings": {
                                        "sg_menu_choose": "primary-menu",
                                        "st_menu_wrapper_height_responsive": {
                                            "unit": "px",
                                            "size": 45,
                                            "sizes": []
                                        },
                                        "st_menu_wrapper_background_background_background": "classic",
                                        "st_menu_wrapper_background_background_image_tablet": {
                                            "url": "",
                                            "id": "",
                                            "size": "",
                                            "alt": "",
                                            "source": "library"
                                        },
                                        "st_menu_wrapper_background_background_size_tablet": "cover",
                                        "st_menu_wrapper_padding_responsive_tablet": {
                                            "unit": "px",
                                            "top": "10",
                                            "right": "0",
                                            "bottom": "10",
                                            "left": "0",
                                            "isLinked": false
                                        },
                                        "st_menu_item_typography_content_typography_typography": "custom",
                                        "st_menu_item_typography_content_typography_font_family": "Lato",
                                        "st_menu_item_typography_content_typography_font_size": {
                                            "unit": "px",
                                            "size": 14,
                                            "sizes": []
                                        },
                                        "st_menu_item_typography_content_typography_font_weight": "600",
                                        "st_menu_item_typography_content_typography_letter_spacing": {
                                            "unit": "px",
                                            "size": 1,
                                            "sizes": []
                                        },
                                        "st_menu_item_spacing_responsive": {
                                            "unit": "px",
                                            "top": "0",
                                            "right": "22",
                                            "bottom": "0",
                                            "left": "22",
                                            "isLinked": false
                                        },
                                        "st_menu_item_spacing_responsive_tablet": {
                                            "unit": "px",
                                            "top": "15",
                                            "right": "15",
                                            "bottom": "15",
                                            "left": "30",
                                            "isLinked": false
                                        },
                                        "st_menu_item_text_normal_color_responsive": "#FFFFFF",
                                        "st_menu_item_text_active_color_responsive": "#FFFFFF",
                                        "st_submenu_item_indicator": {
                                            "value": "",
                                            "library": ""
                                        },
                                        "st_submenu_item_indicator_border_radius_responsive": {
                                            "unit": "px",
                                            "top": "7",
                                            "right": "7",
                                            "bottom": "7",
                                            "left": "7",
                                            "isLinked": true
                                        },
                                        "st_submenu_item_typography_content_typography_typography": "custom",
                                        "st_submenu_item_typography_content_typography_font_family": "Lato",
                                        "st_submenu_item_typography_content_typography_font_size": {
                                            "unit": "px",
                                            "size": 14,
                                            "sizes": []
                                        },
                                        "st_submenu_item_typography_content_typography_font_weight": "400",
                                        "st_submenu_item_typography_content_typography_line_height": {
                                            "unit": "em",
                                            "size": 1.8,
                                            "sizes": []
                                        },
                                        "st_submenu_item_spacing_responsive": {
                                            "unit": "px",
                                            "top": "10",
                                            "right": "20",
                                            "bottom": "10",
                                            "left": "20",
                                            "isLinked": false
                                        },
                                        "st_submenu_item_text_normal_color_responsive": "#021321",
                                        "st_submenu_item_text_normal_bg_background_background": "classic",
                                        "st_submenu_item_text_normal_bg_background_color": "#E5E8EF00",
                                        "st_submenu_item_border_radius_responsive": {
                                            "unit": "px",
                                            "top": "5",
                                            "right": "5",
                                            "bottom": "5",
                                            "left": "5",
                                            "isLinked": true
                                        },
                                        "st_submenu_item_text_hover_color_responsive": "#FFFFFF",
                                        "st_submenu_item_text_hover_bg_background_background": "classic",
                                        "st_submenu_item_text_hover_bg_background_color_b": "#ACB7CD",
                                        "st_submenu_item_text_active_color_responsive": "#021321",
                                        "st_submenu_panel_margin_responsive": {
                                            "unit": "px",
                                            "top": "6",
                                            "right": "7",
                                            "bottom": "7",
                                            "left": "7",
                                            "isLinked": false
                                        },
                                        "st_submenu_panel_padding_responsive": {
                                            "unit": "px",
                                            "top": "15",
                                            "right": "10",
                                            "bottom": "15",
                                            "left": "10",
                                            "isLinked": false
                                        },
                                        "st_submenu_panel_background_background_background": "classic",
                                        "st_submenu_panel_background_background_position": "top left",
                                        "st_submenu_panel_background_background_size": "auto",
                                        "st_submenu_panel_background_background_size_tablet": "cover",
                                        "st_submenu_panel_border_radius_responsive": {
                                            "unit": "px",
                                            "top": "8",
                                            "right": "8",
                                            "bottom": "8",
                                            "left": "8",
                                            "isLinked": true
                                        },
                                        "_z_index": 11,
                                        "__globals__": {
                                            "st_menu_item_typography_content_typography_typography": "globals\/typography?id=6aaa7b7",
                                            "st_menu_item_text_normal_color_responsive": "globals\/colors?id=a567df4",
                                            "st_menu_item_text_hover_color_responsive": "globals\/colors?id=4a5499b",
                                            "st_menu_item_text_active_color_responsive": "globals\/colors?id=a567df4",
                                            "st_submenu_item_typography_content_typography_typography": "globals\/typography?id=ec93f83",
                                            "st_submenu_item_text_normal_color_responsive": "globals\/colors?id=a567df4",
                                            "st_submenu_item_text_hover_bg_background_color": "globals\/colors?id=4a5499b",
                                            "st_submenu_item_text_hover_color_responsive": "globals\/colors?id=primary",
                                            "st_submenu_item_text_active_color_responsive": "globals\/colors?id=a567df4",
                                            "st_submenu_panel_background_background_color": "",
                                            "st_submenu_item_text_hover_bg_background_color_b": "",
                                            "st_menu_wrapper_mobile_color_tablet_responsive_tablet": "globals\/colors?id=3099df0",
                                            "st_menu_wrapper_background_background_color": "",
                                            "st_hamburger_menu_icon_color_responsive_tablet": "globals\/colors?id=a567df4",
                                            "st_hamburger_menu_close_border_border_color": "",
                                            "st_hamburger_menu_close_background_background_color": "globals\/colors?id=primary",
                                            "st_hamburger_menu_close_background_hover_background_color": "globals\/colors?id=secondary",
                                            "st_hamburger_menu_close_color_hover_responsive_tablet": "globals\/colors?id=4a5499b",
                                            "st_submenu_panel_border_border_color": "globals\/colors?id=659f957",
                                            "st_menu_item_text_hover_bg_background_color": "",
                                            "st_menu_item_text_hover_color_responsive_tablet": "globals\/colors?id=0f01f5c",
                                            "st_menu_item_text_hover_color_responsive_mobile": "globals\/colors?id=0f01f5c",
                                            "st_menu_item_text_hover_color_responsive_laptop": "",
                                            "st_menu_item_text_normal_color_responsive_tablet": "globals\/colors?id=secondary",
                                            "st_menu_item_text_active_color_responsive_tablet": "globals\/colors?id=primary",
                                            "st_submenu_item_indicator_color_responsive_tablet": "",
                                            "st_menu_item_text_normal_bg_background_color": "",
                                            "st_submenu_item_text_normal_bg_background_color": "",
                                            "st_hamburger_menu_close_background_hover_background_color_b": "globals\/colors?id=b96bd57",
                                            "st_hamburger_menu_icon_color_hover_responsive_tablet": "",
                                            "st_hamburger_menu_close_color_responsive_tablet": "globals\/colors?id=a567df4"
                                        },
                                        "sg_mobile_menu_logo": {
                                            "id": 1717,
                                            "url": "https:\/\/musicali.1onestrong.com\/wp-content\/uploads\/2024\/10\/Logo-009.png",
                                            "alt": "",
                                            "source": "library",
                                            "size": ""
                                        },
                                        "sg_mobile_menu_logo_size_imagesize_size": "full",
                                        "sg_mobile_menu_icon": {
                                            "value": "jki jki-burger-menu-light",
                                            "library": "jkiticon"
                                        },
                                        "st_menu_wrapper_height_responsive_mobile": {
                                            "unit": "px",
                                            "size": 50,
                                            "sizes": []
                                        },
                                        "st_menu_wrapper_background_background_color": "#00272300",
                                        "st_menu_item_text_hover_bg_background_background": "classic",
                                        "st_menu_item_text_hover_bg_background_image_tablet": {
                                            "url": "",
                                            "id": "",
                                            "size": "",
                                            "alt": "",
                                            "source": "library"
                                        },
                                        "st_menu_item_text_hover_bg_background_position_tablet": "center center",
                                        "st_menu_item_text_hover_bg_background_size_tablet": "cover",
                                        "st_hamburger_menu_width_responsive_tablet": {
                                            "unit": "px",
                                            "size": 67,
                                            "sizes": []
                                        },
                                        "st_hamburger_menu_icon_size_responsive_tablet": {
                                            "unit": "px",
                                            "size": 30,
                                            "sizes": []
                                        },
                                        "st_hamburger_menu_icon_background_background_background": "classic",
                                        "st_hamburger_menu_icon_background_background_color": "#BC939300",
                                        "st_hamburger_menu_icon_border_border_border": "solid",
                                        "st_hamburger_menu_icon_border_border_width_tablet": {
                                            "unit": "px",
                                            "top": "0",
                                            "right": "0",
                                            "bottom": "0",
                                            "left": "0",
                                            "isLinked": true
                                        },
                                        "st_hamburger_menu_icon_color_responsive_tablet": "#FFFFFF",
                                        "st_hamburger_menu_icon_padding_responsive_tablet": {
                                            "unit": "px",
                                            "top": "0",
                                            "right": "0",
                                            "bottom": "0",
                                            "left": "0",
                                            "isLinked": false
                                        },
                                        "st_hamburger_menu_close_width_responsive_tablet": {
                                            "unit": "px",
                                            "size": 45,
                                            "sizes": []
                                        },
                                        "st_hamburger_menu_close_icon_size_responsive_tablet": {
                                            "unit": "px",
                                            "size": 12,
                                            "sizes": []
                                        },
                                        "st_hamburger_menu_close_background_background_background": "classic",
                                        "st_hamburger_menu_close_border_border_border": "solid",
                                        "st_hamburger_menu_close_border_border_width_tablet": {
                                            "unit": "px",
                                            "top": "0",
                                            "right": "0",
                                            "bottom": "0",
                                            "left": "0",
                                            "isLinked": true
                                        },
                                        "st_hamburger_menu_close_border_border_color": "#000913",
                                        "st_hamburger_menu_close_background_hover_background_background": "classic",
                                        "st_hamburger_menu_close_color_hover_responsive_tablet": "#533C00",
                                        "st_mobile_menu_max_width_responsive_tablet": {
                                            "unit": "px",
                                            "size": 155,
                                            "sizes": []
                                        },
                                        "st_mobile_menu_max_width_responsive_mobile": {
                                            "unit": "px",
                                            "size": 150,
                                            "sizes": []
                                        },
                                        "st_submenu_panel_border_border_border": "solid",
                                        "st_submenu_panel_border_border_width": {
                                            "unit": "px",
                                            "top": "1",
                                            "right": "1",
                                            "bottom": "1",
                                            "left": "1",
                                            "isLinked": true
                                        },
                                        "st_submenu_panel_box_shadow_box_shadow_box_shadow_type": "yes",
                                        "st_submenu_panel_box_shadow_box_shadow_box_shadow": {
                                            "horizontal": 5,
                                            "vertical": 9,
                                            "blur": 15,
                                            "spread": 5,
                                            "color": "rgba(0, 0, 0, 0.08)"
                                        },
                                        "st_hamburger_menu_position_responsive_mobile": "right",
                                        "st_hamburger_menu_icon_size_responsive_mobile": {
                                            "unit": "px",
                                            "size": 30,
                                            "sizes": []
                                        },
                                        "_margin_mobile": {
                                            "unit": "px",
                                            "top": "0",
                                            "right": "0",
                                            "bottom": "0",
                                            "left": "0",
                                            "isLinked": false
                                        },
                                        "st_menu_item_text_hover_bg_background_color": "#53F0B800",
                                        "st_menu_wrapper_height_responsive_laptop": {
                                            "unit": "px",
                                            "size": 40,
                                            "sizes": []
                                        },
                                        "st_menu_item_text_normal_color_responsive_tablet": "#533C00",
                                        "st_menu_item_text_active_color_responsive_tablet": "#021321",
                                        "st_menu_item_typography_content_typography_font_size_laptop": {
                                            "unit": "px",
                                            "size": 13,
                                            "sizes": []
                                        },
                                        "st_menu_item_typography_content_typography_text_transform": "uppercase",
                                        "st_hamburger_menu_icon_background_background_color_b": "#F2295B00",
                                        "st_submenu_item_typography_content_typography_letter_spacing": {
                                            "unit": "px",
                                            "size": 0.5,
                                            "sizes": []
                                        },
                                        "st_submenu_item_text_hover_bg_background_gradient_angle": {
                                            "unit": "deg",
                                            "size": 230,
                                            "sizes": []
                                        },
                                        "sg_mobile_close_icon": {
                                            "value": "jki jki-cancel-light",
                                            "library": "jkiticon"
                                        },
                                        "st_menu_item_spacing_responsive_laptop": {
                                            "unit": "px",
                                            "top": "0",
                                            "right": "10",
                                            "bottom": "0",
                                            "left": "10",
                                            "isLinked": false
                                        },
                                        "st_hamburger_menu_close_background_hover_background_color_b": "#437BE2",
                                        "content_width": "full",
                                        "st_menu_item_text_hover_color_responsive": "#F8D8A4",
                                        "st_submenu_item_text_hover_bg_background_color": "#B9B9B9",
                                        "st_submenu_item_active_border_radius_responsive": {
                                            "unit": "px",
                                            "top": "0",
                                            "right": "0",
                                            "bottom": "0",
                                            "left": "0",
                                            "isLinked": true
                                        },
                                        "st_submenu_panel_border_border_color": "#87868636",
                                        "st_submenu_panel_background_background_color": "#000F1C",
                                        "st_hamburger_menu_close_background_background_color": "#B9B9B9",
                                        "st_hamburger_menu_close_color_responsive_tablet": "#FFFFFF",
                                        "st_hamburger_menu_close_background_hover_background_color": "#F5F5F5",
                                        "_title": "Menu Desktop 01"
                                    },
                                    "elements": [],
                                    "isInner": false,
                                    "widgetType": "jkit_nav_menu",
                                    "elType": "widget"
                                }
                            ],
                            "isInner": true,
                            "elType": "container"
                        },
                        {
                            "id": "79aab56d",
                            "settings": {
                                "flex_justify_content": "center",
                                "padding_mobile": {
                                    "unit": "px",
                                    "top": "0",
                                    "right": "0",
                                    "bottom": "0",
                                    "left": "0",
                                    "isLinked": false
                                },
                                "content_width": "full",
                                "width": {
                                    "unit": "%",
                                    "size": 33,
                                    "sizes": []
                                },
                                "width_mobile": {
                                    "unit": "%",
                                    "size": 50,
                                    "sizes": []
                                },
                                "width_laptop": {
                                    "unit": "%",
                                    "size": "",
                                    "sizes": []
                                },
                                "width_tablet": {
                                    "unit": "%",
                                    "size": 45,
                                    "sizes": []
                                }
                            },
                            "elements": [
                                {
                                    "id": "7ad78790",
                                    "settings": {
                                        "image": {
                                            "id": 723,
                                            "url": "https:\/\/musicali.1onestrong.com\/wp-content\/uploads\/2024\/08\/Logo-007.png",
                                            "alt": "",
                                            "source": "library",
                                            "size": ""
                                        },
                                        "width": {
                                            "unit": "px",
                                            "size": 235,
                                            "sizes": []
                                        },
                                        "align": "center",
                                        "width_tablet": {
                                            "unit": "%",
                                            "size": 65,
                                            "sizes": []
                                        },
                                        "width_mobile": {
                                            "unit": "%",
                                            "size": 100,
                                            "sizes": []
                                        },
                                        "width_laptop": {
                                            "unit": "%",
                                            "size": "",
                                            "sizes": []
                                        },
                                        "image_size": "full",
                                        "align_tablet": "left"
                                    },
                                    "elements": [],
                                    "isInner": false,
                                    "widgetType": "image",
                                    "elType": "widget"
                                }
                            ],
                            "isInner": true,
                            "elType": "container"
                        },
                        {
                            "id": "7f4404f8",
                            "settings": {
                                "flex_justify_content": "center",
                                "padding_mobile": {
                                    "unit": "px",
                                    "top": "0",
                                    "right": "0",
                                    "bottom": "0",
                                    "left": "0",
                                    "isLinked": false
                                },
                                "flex_align_items": "flex-end",
                                "content_width": "full",
                                "width": {
                                    "unit": "%",
                                    "size": 30,
                                    "sizes": []
                                },
                                "width_mobile": {
                                    "unit": "%",
                                    "size": 43,
                                    "sizes": []
                                },
                                "width_tablet": {
                                    "unit": "%",
                                    "size": 40,
                                    "sizes": []
                                }
                            },
                            "elements": [
                                {
                                    "id": "4b01ccad",
                                    "settings": {
                                        "sg_menu_choose": "primary-menu-desktop-02",
                                        "st_menu_wrapper_height_responsive": {
                                            "unit": "px",
                                            "size": 45,
                                            "sizes": []
                                        },
                                        "st_menu_wrapper_background_background_background": "classic",
                                        "st_menu_wrapper_background_background_image_tablet": {
                                            "url": "",
                                            "id": "",
                                            "size": "",
                                            "alt": "",
                                            "source": "library"
                                        },
                                        "st_menu_wrapper_background_background_size_tablet": "cover",
                                        "st_menu_wrapper_padding_responsive_tablet": {
                                            "unit": "px",
                                            "top": "10",
                                            "right": "0",
                                            "bottom": "10",
                                            "left": "0",
                                            "isLinked": false
                                        },
                                        "st_menu_item_typography_content_typography_typography": "custom",
                                        "st_menu_item_typography_content_typography_font_family": "Lato",
                                        "st_menu_item_typography_content_typography_font_size": {
                                            "unit": "px",
                                            "size": 14,
                                            "sizes": []
                                        },
                                        "st_menu_item_typography_content_typography_font_weight": "600",
                                        "st_menu_item_typography_content_typography_letter_spacing": {
                                            "unit": "px",
                                            "size": 1,
                                            "sizes": []
                                        },
                                        "st_menu_item_spacing_responsive": {
                                            "unit": "px",
                                            "top": "0",
                                            "right": "22",
                                            "bottom": "0",
                                            "left": "22",
                                            "isLinked": false
                                        },
                                        "st_menu_item_spacing_responsive_tablet": {
                                            "unit": "px",
                                            "top": "15",
                                            "right": "15",
                                            "bottom": "15",
                                            "left": "30",
                                            "isLinked": false
                                        },
                                        "st_menu_item_text_normal_color_responsive": "#FFFFFF",
                                        "st_menu_item_text_active_color_responsive": "#FFFFFF",
                                        "st_submenu_item_indicator": {
                                            "value": "",
                                            "library": ""
                                        },
                                        "st_submenu_item_indicator_border_radius_responsive": {
                                            "unit": "px",
                                            "top": "7",
                                            "right": "7",
                                            "bottom": "7",
                                            "left": "7",
                                            "isLinked": true
                                        },
                                        "st_submenu_item_typography_content_typography_typography": "custom",
                                        "st_submenu_item_typography_content_typography_font_family": "Lato",
                                        "st_submenu_item_typography_content_typography_font_size": {
                                            "unit": "px",
                                            "size": 14,
                                            "sizes": []
                                        },
                                        "st_submenu_item_typography_content_typography_font_weight": "400",
                                        "st_submenu_item_typography_content_typography_line_height": {
                                            "unit": "em",
                                            "size": 1.8,
                                            "sizes": []
                                        },
                                        "st_submenu_item_spacing_responsive": {
                                            "unit": "px",
                                            "top": "10",
                                            "right": "20",
                                            "bottom": "10",
                                            "left": "20",
                                            "isLinked": false
                                        },
                                        "st_submenu_item_text_normal_color_responsive": "#021321",
                                        "st_submenu_item_text_normal_bg_background_background": "classic",
                                        "st_submenu_item_text_normal_bg_background_color": "#E5E8EF00",
                                        "st_submenu_item_border_radius_responsive": {
                                            "unit": "px",
                                            "top": "5",
                                            "right": "5",
                                            "bottom": "5",
                                            "left": "5",
                                            "isLinked": true
                                        },
                                        "st_submenu_item_text_hover_color_responsive": "#FFFFFF",
                                        "st_submenu_item_text_hover_bg_background_background": "classic",
                                        "st_submenu_item_text_hover_bg_background_color_b": "#ACB7CD",
                                        "st_submenu_item_text_active_color_responsive": "#021321",
                                        "st_submenu_panel_margin_responsive": {
                                            "unit": "px",
                                            "top": "6",
                                            "right": "7",
                                            "bottom": "7",
                                            "left": "7",
                                            "isLinked": false
                                        },
                                        "st_submenu_panel_padding_responsive": {
                                            "unit": "px",
                                            "top": "15",
                                            "right": "10",
                                            "bottom": "15",
                                            "left": "10",
                                            "isLinked": false
                                        },
                                        "st_submenu_panel_background_background_background": "classic",
                                        "st_submenu_panel_background_background_position": "top left",
                                        "st_submenu_panel_background_background_size": "auto",
                                        "st_submenu_panel_background_background_size_tablet": "cover",
                                        "st_submenu_panel_border_radius_responsive": {
                                            "unit": "px",
                                            "top": "8",
                                            "right": "8",
                                            "bottom": "8",
                                            "left": "8",
                                            "isLinked": true
                                        },
                                        "_z_index": 11,
                                        "__globals__": {
                                            "st_menu_item_typography_content_typography_typography": "globals\/typography?id=6aaa7b7",
                                            "st_menu_item_text_normal_color_responsive": "globals\/colors?id=a567df4",
                                            "st_menu_item_text_hover_color_responsive": "globals\/colors?id=4a5499b",
                                            "st_menu_item_text_active_color_responsive": "globals\/colors?id=a567df4",
                                            "st_submenu_item_typography_content_typography_typography": "globals\/typography?id=ec93f83",
                                            "st_submenu_item_text_normal_color_responsive": "globals\/colors?id=a567df4",
                                            "st_submenu_item_text_hover_bg_background_color": "globals\/colors?id=4a5499b",
                                            "st_submenu_item_text_hover_color_responsive": "globals\/colors?id=primary",
                                            "st_submenu_item_text_active_color_responsive": "globals\/colors?id=a567df4",
                                            "st_submenu_panel_background_background_color": "",
                                            "st_submenu_item_text_hover_bg_background_color_b": "",
                                            "st_menu_wrapper_mobile_color_tablet_responsive_tablet": "globals\/colors?id=3099df0",
                                            "st_menu_wrapper_background_background_color": "",
                                            "st_hamburger_menu_icon_color_responsive_tablet": "globals\/colors?id=a567df4",
                                            "st_hamburger_menu_close_border_border_color": "",
                                            "st_hamburger_menu_close_background_background_color": "globals\/colors?id=primary",
                                            "st_hamburger_menu_close_background_hover_background_color": "globals\/colors?id=secondary",
                                            "st_hamburger_menu_close_color_hover_responsive_tablet": "globals\/colors?id=4a5499b",
                                            "st_submenu_panel_border_border_color": "globals\/colors?id=659f957",
                                            "st_menu_item_text_hover_bg_background_color": "",
                                            "st_menu_item_text_hover_color_responsive_tablet": "globals\/colors?id=0f01f5c",
                                            "st_menu_item_text_hover_color_responsive_mobile": "globals\/colors?id=0f01f5c",
                                            "st_menu_item_text_hover_color_responsive_laptop": "",
                                            "st_menu_item_text_normal_color_responsive_tablet": "globals\/colors?id=secondary",
                                            "st_menu_item_text_active_color_responsive_tablet": "globals\/colors?id=primary",
                                            "st_submenu_item_indicator_color_responsive_tablet": "",
                                            "st_menu_item_text_normal_bg_background_color": "",
                                            "st_submenu_item_text_normal_bg_background_color": "",
                                            "st_hamburger_menu_close_background_hover_background_color_b": "globals\/colors?id=b96bd57",
                                            "st_hamburger_menu_icon_color_hover_responsive_tablet": "",
                                            "st_hamburger_menu_close_color_responsive_tablet": "globals\/colors?id=a567df4"
                                        },
                                        "sg_mobile_menu_logo": {
                                            "id": 1717,
                                            "url": "https:\/\/musicali.1onestrong.com\/wp-content\/uploads\/2024\/10\/Logo-009.png",
                                            "alt": "",
                                            "source": "library",
                                            "size": ""
                                        },
                                        "sg_mobile_menu_logo_size_imagesize_size": "full",
                                        "sg_mobile_menu_icon": {
                                            "value": "jki jki-burger-menu-light",
                                            "library": "jkiticon"
                                        },
                                        "st_menu_wrapper_height_responsive_mobile": {
                                            "unit": "px",
                                            "size": 50,
                                            "sizes": []
                                        },
                                        "st_menu_wrapper_background_background_color": "#00272300",
                                        "st_menu_item_text_hover_bg_background_background": "classic",
                                        "st_menu_item_text_hover_bg_background_image_tablet": {
                                            "url": "",
                                            "id": "",
                                            "size": "",
                                            "alt": "",
                                            "source": "library"
                                        },
                                        "st_menu_item_text_hover_bg_background_position_tablet": "center center",
                                        "st_menu_item_text_hover_bg_background_size_tablet": "cover",
                                        "st_hamburger_menu_width_responsive_tablet": {
                                            "unit": "px",
                                            "size": 67,
                                            "sizes": []
                                        },
                                        "st_hamburger_menu_icon_size_responsive_tablet": {
                                            "unit": "px",
                                            "size": 30,
                                            "sizes": []
                                        },
                                        "st_hamburger_menu_icon_background_background_background": "classic",
                                        "st_hamburger_menu_icon_background_background_color": "#BC939300",
                                        "st_hamburger_menu_icon_border_border_border": "solid",
                                        "st_hamburger_menu_icon_border_border_width_tablet": {
                                            "unit": "px",
                                            "top": "0",
                                            "right": "0",
                                            "bottom": "0",
                                            "left": "0",
                                            "isLinked": true
                                        },
                                        "st_hamburger_menu_icon_color_responsive_tablet": "#FFFFFF",
                                        "st_hamburger_menu_icon_padding_responsive_tablet": {
                                            "unit": "px",
                                            "top": "0",
                                            "right": "0",
                                            "bottom": "0",
                                            "left": "0",
                                            "isLinked": false
                                        },
                                        "st_hamburger_menu_close_width_responsive_tablet": {
                                            "unit": "px",
                                            "size": 45,
                                            "sizes": []
                                        },
                                        "st_hamburger_menu_close_icon_size_responsive_tablet": {
                                            "unit": "px",
                                            "size": 12,
                                            "sizes": []
                                        },
                                        "st_hamburger_menu_close_background_background_background": "classic",
                                        "st_hamburger_menu_close_border_border_border": "solid",
                                        "st_hamburger_menu_close_border_border_width_tablet": {
                                            "unit": "px",
                                            "top": "0",
                                            "right": "0",
                                            "bottom": "0",
                                            "left": "0",
                                            "isLinked": true
                                        },
                                        "st_hamburger_menu_close_border_border_color": "#000913",
                                        "st_hamburger_menu_close_background_hover_background_background": "classic",
                                        "st_hamburger_menu_close_color_hover_responsive_tablet": "#533C00",
                                        "st_mobile_menu_max_width_responsive_tablet": {
                                            "unit": "px",
                                            "size": 155,
                                            "sizes": []
                                        },
                                        "st_mobile_menu_max_width_responsive_mobile": {
                                            "unit": "px",
                                            "size": 150,
                                            "sizes": []
                                        },
                                        "st_submenu_panel_border_border_border": "solid",
                                        "st_submenu_panel_border_border_width": {
                                            "unit": "px",
                                            "top": "1",
                                            "right": "1",
                                            "bottom": "1",
                                            "left": "1",
                                            "isLinked": true
                                        },
                                        "st_submenu_panel_box_shadow_box_shadow_box_shadow_type": "yes",
                                        "st_submenu_panel_box_shadow_box_shadow_box_shadow": {
                                            "horizontal": 5,
                                            "vertical": 9,
                                            "blur": 15,
                                            "spread": 5,
                                            "color": "rgba(0, 0, 0, 0.08)"
                                        },
                                        "st_hamburger_menu_position_responsive_mobile": "right",
                                        "st_hamburger_menu_icon_size_responsive_mobile": {
                                            "unit": "px",
                                            "size": 30,
                                            "sizes": []
                                        },
                                        "_margin_mobile": {
                                            "unit": "px",
                                            "top": "0",
                                            "right": "0",
                                            "bottom": "0",
                                            "left": "0",
                                            "isLinked": false
                                        },
                                        "st_menu_item_text_hover_bg_background_color": "#53F0B800",
                                        "st_menu_wrapper_height_responsive_laptop": {
                                            "unit": "px",
                                            "size": 40,
                                            "sizes": []
                                        },
                                        "st_menu_item_text_normal_color_responsive_tablet": "#533C00",
                                        "st_menu_item_text_active_color_responsive_tablet": "#021321",
                                        "st_menu_item_typography_content_typography_font_size_laptop": {
                                            "unit": "px",
                                            "size": 13,
                                            "sizes": []
                                        },
                                        "st_menu_item_typography_content_typography_text_transform": "uppercase",
                                        "st_hamburger_menu_icon_background_background_color_b": "#F2295B00",
                                        "st_submenu_item_typography_content_typography_letter_spacing": {
                                            "unit": "px",
                                            "size": 0.5,
                                            "sizes": []
                                        },
                                        "st_submenu_item_text_hover_bg_background_gradient_angle": {
                                            "unit": "deg",
                                            "size": 230,
                                            "sizes": []
                                        },
                                        "sg_mobile_close_icon": {
                                            "value": "jki jki-cancel-light",
                                            "library": "jkiticon"
                                        },
                                        "st_menu_item_spacing_responsive_laptop": {
                                            "unit": "px",
                                            "top": "0",
                                            "right": "10",
                                            "bottom": "0",
                                            "left": "10",
                                            "isLinked": false
                                        },
                                        "st_hamburger_menu_close_background_hover_background_color_b": "#437BE2",
                                        "content_width": "full",
                                        "st_menu_item_text_hover_color_responsive": "#F8D8A4",
                                        "st_submenu_item_text_hover_bg_background_color": "#B9B9B9",
                                        "st_submenu_item_active_border_radius_responsive": {
                                            "unit": "px",
                                            "top": "0",
                                            "right": "0",
                                            "bottom": "0",
                                            "left": "0",
                                            "isLinked": true
                                        },
                                        "st_submenu_panel_border_border_color": "#87868636",
                                        "st_submenu_panel_background_background_color": "#000F1C",
                                        "st_hamburger_menu_close_background_background_color": "#B9B9B9",
                                        "st_hamburger_menu_close_color_responsive_tablet": "#FFFFFF",
                                        "st_hamburger_menu_close_background_hover_background_color": "#F5F5F5",
                                        "hide_tablet": "hidden-tablet",
                                        "hide_mobile": "hidden-mobile",
                                        "_title": "Menu Desktop 02"
                                    },
                                    "elements": [],
                                    "isInner": false,
                                    "widgetType": "jkit_nav_menu",
                                    "elType": "widget"
                                },
                                {
                                    "id": "15e02983",
                                    "settings": {
                                        "sg_menu_choose": "primary-menu-phone",
                                        "st_menu_wrapper_height_responsive": {
                                            "unit": "px",
                                            "size": 45,
                                            "sizes": []
                                        },
                                        "st_menu_wrapper_background_background_background": "classic",
                                        "st_menu_wrapper_background_background_image_tablet": {
                                            "url": "",
                                            "id": "",
                                            "size": "",
                                            "alt": "",
                                            "source": "library"
                                        },
                                        "st_menu_wrapper_background_background_size_tablet": "cover",
                                        "st_menu_wrapper_padding_responsive_tablet": {
                                            "unit": "px",
                                            "top": "10",
                                            "right": "0",
                                            "bottom": "10",
                                            "left": "0",
                                            "isLinked": false
                                        },
                                        "st_menu_item_typography_content_typography_typography": "custom",
                                        "st_menu_item_typography_content_typography_font_family": "Lato",
                                        "st_menu_item_typography_content_typography_font_size": {
                                            "unit": "px",
                                            "size": 14,
                                            "sizes": []
                                        },
                                        "st_menu_item_typography_content_typography_font_weight": "600",
                                        "st_menu_item_typography_content_typography_letter_spacing": {
                                            "unit": "px",
                                            "size": 1,
                                            "sizes": []
                                        },
                                        "st_menu_item_spacing_responsive": {
                                            "unit": "px",
                                            "top": "0",
                                            "right": "22",
                                            "bottom": "0",
                                            "left": "22",
                                            "isLinked": false
                                        },
                                        "st_menu_item_spacing_responsive_tablet": {
                                            "unit": "px",
                                            "top": "15",
                                            "right": "15",
                                            "bottom": "15",
                                            "left": "30",
                                            "isLinked": false
                                        },
                                        "st_menu_item_text_normal_color_responsive": "#FFFFFF",
                                        "st_menu_item_text_active_color_responsive": "#FFFFFF",
                                        "st_submenu_item_indicator": {
                                            "value": "",
                                            "library": ""
                                        },
                                        "st_submenu_item_indicator_border_radius_responsive": {
                                            "unit": "px",
                                            "top": "7",
                                            "right": "7",
                                            "bottom": "7",
                                            "left": "7",
                                            "isLinked": true
                                        },
                                        "st_submenu_item_typography_content_typography_typography": "custom",
                                        "st_submenu_item_typography_content_typography_font_family": "Lato",
                                        "st_submenu_item_typography_content_typography_font_size": {
                                            "unit": "px",
                                            "size": 14,
                                            "sizes": []
                                        },
                                        "st_submenu_item_typography_content_typography_font_weight": "400",
                                        "st_submenu_item_typography_content_typography_line_height": {
                                            "unit": "em",
                                            "size": 1.8,
                                            "sizes": []
                                        },
                                        "st_submenu_item_spacing_responsive": {
                                            "unit": "px",
                                            "top": "10",
                                            "right": "20",
                                            "bottom": "10",
                                            "left": "20",
                                            "isLinked": false
                                        },
                                        "st_submenu_item_text_normal_color_responsive": "#021321",
                                        "st_submenu_item_text_normal_bg_background_background": "classic",
                                        "st_submenu_item_text_normal_bg_background_color": "#E5E8EF00",
                                        "st_submenu_item_border_radius_responsive": {
                                            "unit": "px",
                                            "top": "5",
                                            "right": "5",
                                            "bottom": "5",
                                            "left": "5",
                                            "isLinked": true
                                        },
                                        "st_submenu_item_text_hover_color_responsive": "#FFFFFF",
                                        "st_submenu_item_text_hover_bg_background_background": "classic",
                                        "st_submenu_item_text_hover_bg_background_color_b": "#ACB7CD",
                                        "st_submenu_item_text_active_color_responsive": "#021321",
                                        "st_submenu_panel_margin_responsive": {
                                            "unit": "px",
                                            "top": "6",
                                            "right": "7",
                                            "bottom": "7",
                                            "left": "7",
                                            "isLinked": false
                                        },
                                        "st_submenu_panel_padding_responsive": {
                                            "unit": "px",
                                            "top": "15",
                                            "right": "10",
                                            "bottom": "15",
                                            "left": "10",
                                            "isLinked": false
                                        },
                                        "st_submenu_panel_background_background_background": "classic",
                                        "st_submenu_panel_background_background_position": "top left",
                                        "st_submenu_panel_background_background_size": "auto",
                                        "st_submenu_panel_background_background_size_tablet": "cover",
                                        "st_submenu_panel_border_radius_responsive": {
                                            "unit": "px",
                                            "top": "8",
                                            "right": "8",
                                            "bottom": "8",
                                            "left": "8",
                                            "isLinked": true
                                        },
                                        "_z_index": 11,
                                        "__globals__": {
                                            "st_menu_item_typography_content_typography_typography": "globals\/typography?id=6aaa7b7",
                                            "st_menu_item_text_normal_color_responsive": "globals\/colors?id=a567df4",
                                            "st_menu_item_text_hover_color_responsive": "globals\/colors?id=4a5499b",
                                            "st_menu_item_text_active_color_responsive": "globals\/colors?id=a567df4",
                                            "st_submenu_item_typography_content_typography_typography": "globals\/typography?id=ec93f83",
                                            "st_submenu_item_text_normal_color_responsive": "globals\/colors?id=a567df4",
                                            "st_submenu_item_text_hover_bg_background_color": "globals\/colors?id=4a5499b",
                                            "st_submenu_item_text_hover_color_responsive": "globals\/colors?id=primary",
                                            "st_submenu_item_text_active_color_responsive": "globals\/colors?id=a567df4",
                                            "st_submenu_panel_background_background_color": "",
                                            "st_submenu_item_text_hover_bg_background_color_b": "",
                                            "st_menu_wrapper_mobile_color_tablet_responsive_tablet": "globals\/colors?id=3099df0",
                                            "st_menu_wrapper_background_background_color": "",
                                            "st_hamburger_menu_icon_color_responsive_tablet": "globals\/colors?id=a567df4",
                                            "st_hamburger_menu_close_border_border_color": "",
                                            "st_hamburger_menu_close_background_background_color": "globals\/colors?id=primary",
                                            "st_hamburger_menu_close_background_hover_background_color": "globals\/colors?id=secondary",
                                            "st_hamburger_menu_close_color_hover_responsive_tablet": "globals\/colors?id=4a5499b",
                                            "st_submenu_panel_border_border_color": "globals\/colors?id=659f957",
                                            "st_menu_item_text_hover_bg_background_color": "",
                                            "st_menu_item_text_hover_color_responsive_tablet": "globals\/colors?id=0f01f5c",
                                            "st_menu_item_text_hover_color_responsive_mobile": "globals\/colors?id=0f01f5c",
                                            "st_menu_item_text_hover_color_responsive_laptop": "",
                                            "st_menu_item_text_normal_color_responsive_tablet": "globals\/colors?id=secondary",
                                            "st_menu_item_text_active_color_responsive_tablet": "globals\/colors?id=primary",
                                            "st_submenu_item_indicator_color_responsive_tablet": "",
                                            "st_menu_item_text_normal_bg_background_color": "",
                                            "st_submenu_item_text_normal_bg_background_color": "",
                                            "st_hamburger_menu_close_background_hover_background_color_b": "globals\/colors?id=b96bd57",
                                            "st_hamburger_menu_icon_color_hover_responsive_tablet": "",
                                            "st_hamburger_menu_close_color_responsive_tablet": "globals\/colors?id=a567df4"
                                        },
                                        "sg_mobile_menu_logo": {
                                            "id": 1717,
                                            "url": "https:\/\/musicali.1onestrong.com\/wp-content\/uploads\/2024\/10\/Logo-009.png",
                                            "alt": "",
                                            "source": "library",
                                            "size": ""
                                        },
                                        "sg_mobile_menu_logo_size_imagesize_size": "full",
                                        "sg_mobile_menu_icon": {
                                            "value": "jki jki-burger-menu-light",
                                            "library": "jkiticon"
                                        },
                                        "st_menu_wrapper_height_responsive_mobile": {
                                            "unit": "px",
                                            "size": 50,
                                            "sizes": []
                                        },
                                        "st_menu_wrapper_background_background_color": "#00272300",
                                        "st_menu_item_text_hover_bg_background_background": "classic",
                                        "st_menu_item_text_hover_bg_background_image_tablet": {
                                            "url": "",
                                            "id": "",
                                            "size": "",
                                            "alt": "",
                                            "source": "library"
                                        },
                                        "st_menu_item_text_hover_bg_background_position_tablet": "center center",
                                        "st_menu_item_text_hover_bg_background_size_tablet": "cover",
                                        "st_hamburger_menu_width_responsive_tablet": {
                                            "unit": "px",
                                            "size": 67,
                                            "sizes": []
                                        },
                                        "st_hamburger_menu_icon_size_responsive_tablet": {
                                            "unit": "px",
                                            "size": 30,
                                            "sizes": []
                                        },
                                        "st_hamburger_menu_icon_background_background_background": "classic",
                                        "st_hamburger_menu_icon_background_background_color": "#BC939300",
                                        "st_hamburger_menu_icon_border_border_border": "solid",
                                        "st_hamburger_menu_icon_border_border_width_tablet": {
                                            "unit": "px",
                                            "top": "0",
                                            "right": "0",
                                            "bottom": "0",
                                            "left": "0",
                                            "isLinked": true
                                        },
                                        "st_hamburger_menu_icon_color_responsive_tablet": "#FFFFFF",
                                        "st_hamburger_menu_icon_padding_responsive_tablet": {
                                            "unit": "px",
                                            "top": "0",
                                            "right": "0",
                                            "bottom": "0",
                                            "left": "0",
                                            "isLinked": false
                                        },
                                        "st_hamburger_menu_close_width_responsive_tablet": {
                                            "unit": "px",
                                            "size": 45,
                                            "sizes": []
                                        },
                                        "st_hamburger_menu_close_icon_size_responsive_tablet": {
                                            "unit": "px",
                                            "size": 12,
                                            "sizes": []
                                        },
                                        "st_hamburger_menu_close_background_background_background": "classic",
                                        "st_hamburger_menu_close_border_border_border": "solid",
                                        "st_hamburger_menu_close_border_border_width_tablet": {
                                            "unit": "px",
                                            "top": "0",
                                            "right": "0",
                                            "bottom": "0",
                                            "left": "0",
                                            "isLinked": true
                                        },
                                        "st_hamburger_menu_close_border_border_color": "#000913",
                                        "st_hamburger_menu_close_background_hover_background_background": "classic",
                                        "st_hamburger_menu_close_color_hover_responsive_tablet": "#533C00",
                                        "st_mobile_menu_max_width_responsive_tablet": {
                                            "unit": "px",
                                            "size": 155,
                                            "sizes": []
                                        },
                                        "st_mobile_menu_max_width_responsive_mobile": {
                                            "unit": "px",
                                            "size": 150,
                                            "sizes": []
                                        },
                                        "st_submenu_panel_border_border_border": "solid",
                                        "st_submenu_panel_border_border_width": {
                                            "unit": "px",
                                            "top": "1",
                                            "right": "1",
                                            "bottom": "1",
                                            "left": "1",
                                            "isLinked": true
                                        },
                                        "st_submenu_panel_box_shadow_box_shadow_box_shadow_type": "yes",
                                        "st_submenu_panel_box_shadow_box_shadow_box_shadow": {
                                            "horizontal": 5,
                                            "vertical": 9,
                                            "blur": 15,
                                            "spread": 5,
                                            "color": "rgba(0, 0, 0, 0.08)"
                                        },
                                        "st_hamburger_menu_position_responsive_mobile": "right",
                                        "st_hamburger_menu_icon_size_responsive_mobile": {
                                            "unit": "px",
                                            "size": 30,
                                            "sizes": []
                                        },
                                        "_margin_mobile": {
                                            "unit": "px",
                                            "top": "0",
                                            "right": "0",
                                            "bottom": "0",
                                            "left": "0",
                                            "isLinked": false
                                        },
                                        "st_menu_item_text_hover_bg_background_color": "#53F0B800",
                                        "st_menu_wrapper_height_responsive_laptop": {
                                            "unit": "px",
                                            "size": 40,
                                            "sizes": []
                                        },
                                        "st_menu_item_text_normal_color_responsive_tablet": "#533C00",
                                        "st_menu_item_text_active_color_responsive_tablet": "#021321",
                                        "st_menu_item_typography_content_typography_font_size_laptop": {
                                            "unit": "px",
                                            "size": 13,
                                            "sizes": []
                                        },
                                        "st_menu_item_typography_content_typography_text_transform": "uppercase",
                                        "st_hamburger_menu_icon_background_background_color_b": "#F2295B00",
                                        "st_submenu_item_typography_content_typography_letter_spacing": {
                                            "unit": "px",
                                            "size": 0.5,
                                            "sizes": []
                                        },
                                        "st_submenu_item_text_hover_bg_background_gradient_angle": {
                                            "unit": "deg",
                                            "size": 230,
                                            "sizes": []
                                        },
                                        "sg_mobile_close_icon": {
                                            "value": "jki jki-cancel-light",
                                            "library": "jkiticon"
                                        },
                                        "st_menu_item_spacing_responsive_laptop": {
                                            "unit": "px",
                                            "top": "0",
                                            "right": "10",
                                            "bottom": "0",
                                            "left": "10",
                                            "isLinked": false
                                        },
                                        "st_hamburger_menu_close_background_hover_background_color_b": "#437BE2",
                                        "content_width": "full",
                                        "st_menu_item_text_hover_color_responsive": "#F8D8A4",
                                        "st_submenu_item_text_hover_bg_background_color": "#B9B9B9",
                                        "st_submenu_item_active_border_radius_responsive": {
                                            "unit": "px",
                                            "top": "0",
                                            "right": "0",
                                            "bottom": "0",
                                            "left": "0",
                                            "isLinked": true
                                        },
                                        "st_submenu_panel_border_border_color": "#87868636",
                                        "st_submenu_panel_background_background_color": "#000F1C",
                                        "st_hamburger_menu_close_background_background_color": "#B9B9B9",
                                        "st_hamburger_menu_close_color_responsive_tablet": "#FFFFFF",
                                        "st_hamburger_menu_close_background_hover_background_color": "#F5F5F5",
                                        "hide_desktop": "hidden-desktop",
                                        "hide_laptop": "hidden-laptop",
                                        "_title": "Menu Mobile"
                                    },
                                    "elements": [],
                                    "isInner": false,
                                    "widgetType": "jkit_nav_menu",
                                    "elType": "widget"
                                }
                            ],
                            "isInner": true,
                            "elType": "container"
                        }
                    ],
                    "isInner": true,
                    "elType": "container"
                }
            ],
            "isInner": false,
            "elType": "container"
        }
    ]
}