{
    "version": "0.4",
    "title": "Single Post",
    "type": "section",
    "metadata": {
        "template_type": "single-post",
        "include_in_zip": "1",
        "elementor_pro_required": null,
        "wp_page_template": "elementor_header_footer"
    },
    "content": [
        {
            "id": "37d91584",
            "settings": {
                "boxed_width": {
                    "unit": "px",
                    "size": 1350,
                    "sizes": []
                },
                "min_height": {
                    "unit": "vh",
                    "size": 55,
                    "sizes": []
                },
                "min_height_laptop": {
                    "unit": "vh",
                    "size": 47,
                    "sizes": []
                },
                "min_height_tablet": {
                    "unit": "vh",
                    "size": 46,
                    "sizes": []
                },
                "min_height_mobile": {
                    "unit": "vh",
                    "size": 47,
                    "sizes": []
                },
                "background_background": "classic",
                "background_overlay_background": "classic",
                "background_overlay_image": {
                    "url": "https:\/\/musicali.1onestrong.com\/wp-content\/uploads\/2024\/08\/Shape.png",
                    "id": 125,
                    "size": "",
                    "alt": "",
                    "source": "library"
                },
                "background_overlay_position": "bottom center",
                "background_overlay_size": "contain",
                "background_overlay_opacity": {
                    "unit": "px",
                    "size": 0.14999999999999999,
                    "sizes": []
                },
                "padding": {
                    "unit": "em",
                    "top": "7",
                    "right": "0",
                    "bottom": "5",
                    "left": "0",
                    "isLinked": false
                },
                "padding_laptop": {
                    "unit": "em",
                    "top": "4",
                    "right": "0",
                    "bottom": "7",
                    "left": "0",
                    "isLinked": false
                },
                "padding_tablet": {
                    "unit": "em",
                    "top": "4",
                    "right": "0",
                    "bottom": "4",
                    "left": "0",
                    "isLinked": false
                },
                "padding_mobile": {
                    "unit": "em",
                    "top": "3",
                    "right": "0",
                    "bottom": "4",
                    "left": "0",
                    "isLinked": false
                },
                "flex_direction": "column",
                "_title": "Header",
                "__globals__": {
                    "background_color": "globals\/colors?id=primary",
                    "background_color_b": "globals\/colors?id=3099df0"
                },
                "background_overlay_repeat": "repeat-x",
                "background_overlay_size_mobile": "cover",
                "background_overlay_bg_width": {
                    "unit": "%",
                    "size": 58,
                    "sizes": []
                },
                "background_overlay_bg_width_mobile": {
                    "unit": "%",
                    "size": 100,
                    "sizes": []
                }
            },
            "elements": [
                {
                    "id": "151cc163",
                    "settings": {
                        "_column_size": 100,
                        "width": {
                            "size": null,
                            "unit": "%"
                        },
                        "flex_justify_content": "center",
                        "align": "center",
                        "content_width": "full",
                        "flex_align_items": "center",
                        "flex_gap": {
                            "column": "10",
                            "row": "10",
                            "isLinked": true,
                            "unit": "px",
                            "size": 10
                        }
                    },
                    "elements": [
                        {
                            "id": "24bf5f7d",
                            "settings": {
                                "st_title_alignment_responsive": "center",
                                "__globals__": {
                                    "st_title_typography_content_typography_typography": "globals\/typography?id=887363b",
                                    "st_title_normal_color_responsive": "globals\/colors?id=4a5499b"
                                },
                                "_margin": {
                                    "unit": "px",
                                    "top": "0",
                                    "right": "0",
                                    "bottom": "0",
                                    "left": "0",
                                    "isLinked": false
                                },
                                "_padding": {
                                    "unit": "px",
                                    "top": "0",
                                    "right": "0",
                                    "bottom": "0",
                                    "left": "0",
                                    "isLinked": false
                                },
                                "_margin_mobile": {
                                    "unit": "px",
                                    "top": "50",
                                    "right": "0",
                                    "bottom": "0",
                                    "left": "0",
                                    "isLinked": false
                                }
                            },
                            "elements": [],
                            "isInner": false,
                            "widgetType": "jkit_post_title",
                            "elType": "widget"
                        },
                        {
                            "id": "5d62a7ef",
                            "settings": {
                                "content_width": "full",
                                "flex_direction": "row",
                                "flex_justify_content": "center",
                                "flex_align_items": "center",
                                "flex_gap": {
                                    "column": "10",
                                    "row": "10",
                                    "isLinked": true,
                                    "unit": "px",
                                    "size": 10
                                }
                            },
                            "elements": [
                                {
                                    "id": "f6633f2",
                                    "settings": {
                                        "_margin": {
                                            "unit": "px",
                                            "top": "0",
                                            "right": "0",
                                            "bottom": "-12",
                                            "left": "0",
                                            "isLinked": false
                                        },
                                        "_padding": {
                                            "unit": "px",
                                            "top": "0",
                                            "right": "0",
                                            "bottom": "0",
                                            "left": "0",
                                            "isLinked": false
                                        },
                                        "_element_width": "auto",
                                        "__globals__": {
                                            "st_author_typography_content_typography_typography": "globals\/typography?id=0d5e945",
                                            "st_author_normal_color_responsive": "globals\/colors?id=4a5499b"
                                        }
                                    },
                                    "elements": [],
                                    "isInner": false,
                                    "widgetType": "jkit_post_author",
                                    "elType": "widget"
                                },
                                {
                                    "id": "39504c76",
                                    "settings": {
                                        "text": "Divider",
                                        "gap": {
                                            "unit": "px",
                                            "size": 2,
                                            "sizes": []
                                        },
                                        "_margin": {
                                            "unit": "px",
                                            "top": "0",
                                            "right": "0",
                                            "bottom": "0",
                                            "left": "0",
                                            "isLinked": false
                                        },
                                        "_element_width": "initial",
                                        "_element_custom_width": {
                                            "unit": "px",
                                            "size": 15,
                                            "sizes": []
                                        },
                                        "__globals__": {
                                            "color": "globals\/colors?id=4a5499b"
                                        },
                                        "_animation_delay": 400,
                                        "_margin_tablet": {
                                            "unit": "px",
                                            "top": "0",
                                            "right": "15",
                                            "bottom": "0",
                                            "left": "15",
                                            "isLinked": false
                                        },
                                        "_element_custom_width_mobile": {
                                            "unit": "%",
                                            "size": 20,
                                            "sizes": []
                                        },
                                        "_margin_mobile": {
                                            "unit": "px",
                                            "top": "0",
                                            "right": "15",
                                            "bottom": "8",
                                            "left": "15",
                                            "isLinked": false
                                        },
                                        "_flex_align_self": "center"
                                    },
                                    "elements": [],
                                    "isInner": false,
                                    "widgetType": "divider",
                                    "elType": "widget"
                                },
                                {
                                    "id": "394e8122",
                                    "settings": {
                                        "sg_date_format_custom": "F j, Y",
                                        "st_date_normal_color_responsive": "#2062F0",
                                        "_margin": {
                                            "unit": "px",
                                            "top": "0",
                                            "right": "0",
                                            "bottom": "-12",
                                            "left": "0",
                                            "isLinked": false
                                        },
                                        "_element_width": "auto",
                                        "__globals__": {
                                            "st_date_typography_content_typography_typography": "globals\/typography?id=0d5e945",
                                            "st_date_normal_color_responsive": "globals\/colors?id=4a5499b",
                                            "st_date_hover_color_responsive": ""
                                        },
                                        "_animation_delay": 600,
                                        "sg_date_type": "modified"
                                    },
                                    "elements": [],
                                    "isInner": false,
                                    "widgetType": "jkit_post_date",
                                    "elType": "widget"
                                }
                            ],
                            "isInner": true,
                            "elType": "container"
                        }
                    ],
                    "isInner": true,
                    "elType": "container"
                }
            ],
            "isInner": false,
            "elType": "container"
        },
        {
            "id": "7534dd44",
            "settings": {
                "boxed_width": {
                    "unit": "px",
                    "size": 1300,
                    "sizes": []
                },
                "padding": {
                    "unit": "em",
                    "top": "0",
                    "right": "0",
                    "bottom": "0",
                    "left": "0",
                    "isLinked": false
                },
                "padding_tablet": {
                    "unit": "px",
                    "top": "20",
                    "right": "0",
                    "bottom": "0",
                    "left": "0",
                    "isLinked": false
                },
                "padding_laptop": {
                    "unit": "em",
                    "top": "",
                    "right": "",
                    "bottom": "",
                    "left": "",
                    "isLinked": true
                },
                "margin_mobile": {
                    "unit": "px",
                    "top": "0",
                    "right": 0,
                    "bottom": "0",
                    "left": 0,
                    "isLinked": false
                },
                "padding_mobile": {
                    "unit": "px",
                    "top": "20",
                    "right": "0",
                    "bottom": "0",
                    "left": "0",
                    "isLinked": false
                },
                "flex_direction": "row",
                "flex_align_items": "stretch",
                "flex_gap": {
                    "size": 10,
                    "column": "10",
                    "row": "10",
                    "unit": "px",
                    "isLinked": true
                },
                "flex_justify_content_tablet": "center",
                "flex_align_items_tablet": "center"
            },
            "elements": [
                {
                    "id": "67e4b531",
                    "settings": {
                        "_column_size": 100,
                        "width": {
                            "size": null,
                            "unit": "%"
                        },
                        "flex_gap": {
                            "size": 0,
                            "column": "0",
                            "row": "0",
                            "unit": "px",
                            "isLinked": true
                        },
                        "content_width": "full",
                        "flex_justify_content": "center",
                        "flex_align_items": "center",
                        "width_tablet": {
                            "unit": "%",
                            "size": 95,
                            "sizes": []
                        },
                        "width_mobile": {
                            "unit": "%",
                            "size": "",
                            "sizes": []
                        }
                    },
                    "elements": [
                        {
                            "id": "6e7451d8",
                            "settings": {
                                "width": {
                                    "unit": "%",
                                    "size": 80,
                                    "sizes": []
                                },
                                "margin": {
                                    "unit": "px",
                                    "top": "-90",
                                    "right": "0",
                                    "bottom": "0",
                                    "left": "0",
                                    "isLinked": false
                                },
                                "flex_direction": "column",
                                "flex_gap": {
                                    "size": 10,
                                    "column": "10",
                                    "row": "10",
                                    "unit": "px",
                                    "isLinked": true
                                },
                                "content_width": "full",
                                "width_laptop": {
                                    "unit": "%",
                                    "size": 90,
                                    "sizes": []
                                },
                                "width_tablet": {
                                    "unit": "%",
                                    "size": 100,
                                    "sizes": []
                                },
                                "width_mobile": {
                                    "unit": "%",
                                    "size": "",
                                    "sizes": []
                                },
                                "flex_justify_content": "flex-start",
                                "margin_mobile": {
                                    "unit": "px",
                                    "top": "0",
                                    "right": "0",
                                    "bottom": "0",
                                    "left": "0",
                                    "isLinked": false
                                }
                            },
                            "elements": [
                                {
                                    "id": "2e91efbc",
                                    "settings": {
                                        "st_image_alignment_responsive_tablet": "center",
                                        "st_image_size_responsive": {
                                            "unit": "%",
                                            "size": 100,
                                            "sizes": []
                                        },
                                        "st_image_size_responsive_tablet": {
                                            "unit": "%",
                                            "size": 82,
                                            "sizes": []
                                        },
                                        "st_image_size_responsive_mobile": {
                                            "unit": "%",
                                            "size": 100,
                                            "sizes": []
                                        },
                                        "st_image_alignment_responsive_laptop": "center",
                                        "st_image_border_radius_responsive": {
                                            "unit": "px",
                                            "top": "8",
                                            "right": "8",
                                            "bottom": "8",
                                            "left": "8",
                                            "isLinked": true
                                        },
                                        "st_image_size_responsive_laptop": {
                                            "unit": "%",
                                            "size": "",
                                            "sizes": []
                                        },
                                        "sg_image_size_imagesize_size": "full"
                                    },
                                    "elements": [],
                                    "isInner": false,
                                    "widgetType": "jkit_post_featured_image",
                                    "elType": "widget"
                                },
                                {
                                    "id": "43ca9c63",
                                    "settings": {
                                        "content_width": "full",
                                        "title": "Understanding the Basics of Fingerstyle Guitar",
                                        "_margin": {
                                            "unit": "px",
                                            "top": "15",
                                            "right": "0",
                                            "bottom": "15",
                                            "left": "0",
                                            "isLinked": false
                                        },
                                        "__globals__": {
                                            "typography_typography": "globals\/typography?id=db1e030",
                                            "title_color": "globals\/colors?id=primary"
                                        }
                                    },
                                    "elements": [],
                                    "isInner": false,
                                    "widgetType": "heading",
                                    "elType": "widget"
                                },
                                {
                                    "id": "18eb801b",
                                    "settings": {
                                        "editor": "<p>Before diving into techniques, it's important to understand what fingerstyle guitar is. Unlike using a pick, in fingerstyle playing, each finger plucks individual strings. Typically, the thumb plays the bass notes (on the 6th, 5th, and 4th strings), while the index, middle, and ring fingers play the higher strings. This method gives you greater control over tone and dynamics.<\/p>",
                                        "align": "left",
                                        "_margin": {
                                            "unit": "px",
                                            "top": "0",
                                            "right": "0",
                                            "bottom": "20",
                                            "left": "0",
                                            "isLinked": ""
                                        },
                                        "_element_width": "initial",
                                        "_element_custom_width": {
                                            "unit": "%",
                                            "size": "97",
                                            "sizes": []
                                        },
                                        "__globals__": {
                                            "typography_typography": "globals\/typography?id=text",
                                            "text_color": "globals\/colors?id=primary"
                                        },
                                        "_element_custom_width_tablet": {
                                            "unit": "%",
                                            "size": 100,
                                            "sizes": []
                                        },
                                        "_element_custom_width_mobile": {
                                            "unit": "%",
                                            "size": "100",
                                            "sizes": []
                                        },
                                        "_margin_mobile": {
                                            "unit": "px",
                                            "top": "0",
                                            "right": "0",
                                            "bottom": "20",
                                            "left": "0",
                                            "isLinked": ""
                                        },
                                        "_animation_delay": "200"
                                    },
                                    "elements": [],
                                    "isInner": false,
                                    "widgetType": "text-editor",
                                    "elType": "widget"
                                },
                                {
                                    "id": "65c25cc9",
                                    "settings": {
                                        "content_width": "full",
                                        "editor": "<p>Key points:<\/p><ul><li><strong>Posture and Hand Positioning:<\/strong> Start by ensuring your thumb is placed behind the neck and your fingers are arched slightly above the strings.<\/li><li><strong>Nail Length:<\/strong> Some fingerstyle players prefer using their fingernails, while others play with the flesh of their fingers. Experiment to see what works best for you.<\/li><\/ul>",
                                        "__globals__": {
                                            "typography_typography": "globals\/typography?id=text",
                                            "text_color": "globals\/colors?id=primary"
                                        }
                                    },
                                    "elements": [],
                                    "isInner": false,
                                    "widgetType": "text-editor",
                                    "elType": "widget"
                                },
                                {
                                    "id": "76ba1db7",
                                    "settings": {
                                        "content_width": "full",
                                        "title": "2. Fingerstyle Patterns for Beginner",
                                        "_margin": {
                                            "unit": "px",
                                            "top": "15",
                                            "right": "0",
                                            "bottom": "15",
                                            "left": "0",
                                            "isLinked": false
                                        },
                                        "__globals__": {
                                            "typography_typography": "globals\/typography?id=db1e030",
                                            "title_color": "globals\/colors?id=primary"
                                        }
                                    },
                                    "elements": [],
                                    "isInner": false,
                                    "widgetType": "heading",
                                    "elType": "widget"
                                },
                                {
                                    "id": "8f058d5",
                                    "settings": {
                                        "editor": "<p>Now that you\u2019re comfortable with basic fingerstyle patterns, introduce open chords like C, G, Am, and Em into your practice. These chords are perfect for beginners and give you a solid foundation to experiment with different fingerpicking patterns.<\/p>",
                                        "align": "left",
                                        "_margin": {
                                            "unit": "px",
                                            "top": "0",
                                            "right": "0",
                                            "bottom": "30",
                                            "left": "0",
                                            "isLinked": ""
                                        },
                                        "_element_width": "initial",
                                        "_element_custom_width": {
                                            "unit": "%",
                                            "size": "97",
                                            "sizes": []
                                        },
                                        "__globals__": {
                                            "typography_typography": "globals\/typography?id=text",
                                            "text_color": "globals\/colors?id=primary"
                                        },
                                        "_element_custom_width_tablet": {
                                            "unit": "%",
                                            "size": 100,
                                            "sizes": []
                                        },
                                        "_element_custom_width_mobile": {
                                            "unit": "%",
                                            "size": "100",
                                            "sizes": []
                                        },
                                        "_margin_mobile": {
                                            "unit": "px",
                                            "top": "0",
                                            "right": "0",
                                            "bottom": "30",
                                            "left": "0",
                                            "isLinked": ""
                                        },
                                        "_animation_delay": "200"
                                    },
                                    "elements": [],
                                    "isInner": false,
                                    "widgetType": "text-editor",
                                    "elType": "widget"
                                },
                                {
                                    "id": "7924c5a2",
                                    "settings": {
                                        "content_width": "full",
                                        "image": {
                                            "url": "https:\/\/musicali.1onestrong.com\/wp-content\/uploads\/2024\/08\/Blog-03.jpg",
                                            "id": 635,
                                            "size": "",
                                            "alt": "",
                                            "source": "library"
                                        },
                                        "image_size": "full",
                                        "width": {
                                            "unit": "%",
                                            "size": 100,
                                            "sizes": []
                                        },
                                        "height": {
                                            "unit": "vh",
                                            "size": 40,
                                            "sizes": []
                                        },
                                        "height_laptop": {
                                            "unit": "vh",
                                            "size": "",
                                            "sizes": []
                                        },
                                        "height_tablet": {
                                            "unit": "vh",
                                            "size": "",
                                            "sizes": []
                                        },
                                        "height_mobile": {
                                            "unit": "vh",
                                            "size": "",
                                            "sizes": []
                                        },
                                        "object-fit": "cover",
                                        "image_border_radius": {
                                            "unit": "px",
                                            "top": "8",
                                            "right": "8",
                                            "bottom": "8",
                                            "left": "8",
                                            "isLinked": true
                                        }
                                    },
                                    "elements": [],
                                    "isInner": false,
                                    "widgetType": "image",
                                    "elType": "widget"
                                },
                                {
                                    "id": "7e106b54",
                                    "settings": {
                                        "editor": "<p>Recording yourself is a great way to track your progress and identify areas for improvement. You can start by recording simple exercises and gradually move to songs. Listening back will help you notice things like timing, clarity, and dynamics that you might miss while playing<\/p><ul><li><strong>Be Patient:<\/strong> Fingerstyle guitar takes time and practice, so don't rush.<\/li><li><strong>Daily Practice:<\/strong> Consistent practice, even if it's just 15-30 minutes a day, is crucial.<\/li><li><strong>Enjoy the Process:<\/strong> Make sure you\u2019re having fun! Explore different songs and techniques to keep yourself motivated.<\/li><\/ul>",
                                        "align": "left",
                                        "_margin": {
                                            "unit": "px",
                                            "top": "20",
                                            "right": "0",
                                            "bottom": "20",
                                            "left": "0",
                                            "isLinked": ""
                                        },
                                        "_element_width": "initial",
                                        "_element_custom_width": {
                                            "unit": "%",
                                            "size": 100,
                                            "sizes": []
                                        },
                                        "__globals__": {
                                            "typography_typography": "globals\/typography?id=text",
                                            "text_color": "globals\/colors?id=primary"
                                        },
                                        "_element_custom_width_tablet": {
                                            "unit": "%",
                                            "size": 100,
                                            "sizes": []
                                        },
                                        "_element_custom_width_mobile": {
                                            "unit": "%",
                                            "size": "100",
                                            "sizes": []
                                        },
                                        "_margin_mobile": {
                                            "unit": "px",
                                            "top": "0",
                                            "right": "0",
                                            "bottom": "20",
                                            "left": "0",
                                            "isLinked": ""
                                        },
                                        "_animation_delay": "200"
                                    },
                                    "elements": [],
                                    "isInner": false,
                                    "widgetType": "text-editor",
                                    "elType": "widget"
                                },
                                {
                                    "id": "5bceea4",
                                    "settings": {
                                        "content_width": "full",
                                        "title": "3. Practicing with Open Chords",
                                        "_margin": {
                                            "unit": "px",
                                            "top": "15",
                                            "right": "0",
                                            "bottom": "15",
                                            "left": "0",
                                            "isLinked": false
                                        },
                                        "__globals__": {
                                            "typography_typography": "globals\/typography?id=db1e030",
                                            "title_color": "globals\/colors?id=primary"
                                        }
                                    },
                                    "elements": [],
                                    "isInner": false,
                                    "widgetType": "heading",
                                    "elType": "widget"
                                },
                                {
                                    "id": "b86c746",
                                    "settings": {
                                        "editor": "<p>Before diving into techniques, it's important to understand what fingerstyle guitar is. Unlike using a pick, in fingerstyle playing, each finger plucks individual strings. Typically, the thumb plays the bass notes (on the 6th, 5th, and 4th strings), while the index, middle, and ring fingers play the higher strings. This method gives you greater control over tone and dynamics.<\/p>",
                                        "align": "left",
                                        "_margin": {
                                            "unit": "px",
                                            "top": "0",
                                            "right": "0",
                                            "bottom": "20",
                                            "left": "0",
                                            "isLinked": ""
                                        },
                                        "_element_width": "initial",
                                        "_element_custom_width": {
                                            "unit": "%",
                                            "size": "97",
                                            "sizes": []
                                        },
                                        "__globals__": {
                                            "typography_typography": "globals\/typography?id=text",
                                            "text_color": "globals\/colors?id=primary"
                                        },
                                        "_element_custom_width_tablet": {
                                            "unit": "%",
                                            "size": 100,
                                            "sizes": []
                                        },
                                        "_element_custom_width_mobile": {
                                            "unit": "%",
                                            "size": "100",
                                            "sizes": []
                                        },
                                        "_margin_mobile": {
                                            "unit": "px",
                                            "top": "0",
                                            "right": "0",
                                            "bottom": "20",
                                            "left": "0",
                                            "isLinked": ""
                                        },
                                        "_animation_delay": "200",
                                        "content_width": "full"
                                    },
                                    "elements": [],
                                    "isInner": false,
                                    "widgetType": "text-editor",
                                    "elType": "widget"
                                }
                            ],
                            "isInner": true,
                            "elType": "container"
                        },
                        {
                            "id": "75416282",
                            "settings": {
                                "width": {
                                    "unit": "%",
                                    "size": 80,
                                    "sizes": []
                                },
                                "content_position": "middle",
                                "structure": "20",
                                "border_border": "none",
                                "margin": {
                                    "unit": "px",
                                    "top": "0",
                                    "right": 0,
                                    "bottom": "20",
                                    "left": 0,
                                    "isLinked": false
                                },
                                "__globals__": {
                                    "border_color": ""
                                },
                                "margin_tablet": {
                                    "unit": "px",
                                    "top": "0",
                                    "right": 0,
                                    "bottom": "10",
                                    "left": 0,
                                    "isLinked": false
                                },
                                "flex_direction": "row",
                                "flex_align_items": "stretch",
                                "flex_gap": {
                                    "size": 10,
                                    "column": "10",
                                    "row": "10",
                                    "unit": "px",
                                    "isLinked": true
                                },
                                "content_width": "full",
                                "width_laptop": {
                                    "unit": "%",
                                    "size": "",
                                    "sizes": []
                                },
                                "width_tablet": {
                                    "unit": "%",
                                    "size": 90,
                                    "sizes": []
                                },
                                "width_mobile": {
                                    "unit": "%",
                                    "size": "",
                                    "sizes": []
                                }
                            },
                            "elements": [
                                {
                                    "id": "c6fecab",
                                    "settings": {
                                        "_column_size": 50,
                                        "width": {
                                            "size": null,
                                            "unit": "%"
                                        },
                                        "flex_justify_content": "center",
                                        "align": "flex-start",
                                        "align_mobile": "flex-start",
                                        "margin_mobile": {
                                            "unit": "px",
                                            "top": "0",
                                            "right": "0",
                                            "bottom": "10",
                                            "left": "0",
                                            "isLinked": false
                                        },
                                        "content_width": "full",
                                        "flex_gap_mobile": {
                                            "column": "0",
                                            "row": "0",
                                            "isLinked": true,
                                            "unit": "px",
                                            "size": 0
                                        }
                                    },
                                    "elements": [
                                        {
                                            "id": "7b2b5594",
                                            "settings": {
                                                "editor": "Tags :",
                                                "align": "left",
                                                "_margin": {
                                                    "unit": "px",
                                                    "top": "0",
                                                    "right": "10",
                                                    "bottom": "0",
                                                    "left": "0",
                                                    "isLinked": false
                                                },
                                                "_element_width": "auto",
                                                "_element_custom_width": {
                                                    "unit": "%",
                                                    "size": "97",
                                                    "sizes": []
                                                },
                                                "__globals__": {
                                                    "typography_typography": "globals\/typography?id=text",
                                                    "text_color": "globals\/colors?id=primary"
                                                },
                                                "_element_custom_width_tablet": {
                                                    "unit": "%",
                                                    "size": "80",
                                                    "sizes": []
                                                },
                                                "_element_custom_width_mobile": {
                                                    "unit": "%",
                                                    "size": "100",
                                                    "sizes": []
                                                },
                                                "_margin_mobile": {
                                                    "unit": "px",
                                                    "top": "0",
                                                    "right": "0",
                                                    "bottom": "0",
                                                    "left": "0",
                                                    "isLinked": ""
                                                },
                                                "_animation_delay": "200"
                                            },
                                            "elements": [],
                                            "isInner": false,
                                            "widgetType": "text-editor",
                                            "elType": "widget"
                                        },
                                        {
                                            "id": "49bb9476",
                                            "settings": {
                                                "sg_term_separator": ", ",
                                                "__globals__": {
                                                    "st_term_typography_content_typography_typography": "globals\/typography?id=text",
                                                    "st_term_normal_color_responsive": "globals\/colors?id=primary",
                                                    "st_term_hover_color_responsive": "globals\/colors?id=0f01f5c"
                                                }
                                            },
                                            "elements": [],
                                            "isInner": false,
                                            "widgetType": "jkit_post_terms",
                                            "elType": "widget"
                                        }
                                    ],
                                    "isInner": true,
                                    "elType": "container"
                                },
                                {
                                    "id": "f7948c7",
                                    "settings": {
                                        "_column_size": 50,
                                        "width": {
                                            "size": null,
                                            "unit": "%"
                                        },
                                        "flex_justify_content": "flex-end",
                                        "align": "flex-end",
                                        "align_mobile": "flex-start",
                                        "content_width": "full",
                                        "flex_justify_content_mobile": "flex-start",
                                        "flex_align_items": "flex-end",
                                        "flex_align_items_mobile": "flex-start",
                                        "flex_gap_mobile": {
                                            "column": "0",
                                            "row": "0",
                                            "isLinked": true,
                                            "unit": "px",
                                            "size": 0
                                        }
                                    },
                                    "elements": [
                                        {
                                            "id": "511184d4",
                                            "settings": {
                                                "editor": "Share This :",
                                                "align": "left",
                                                "_margin": {
                                                    "unit": "px",
                                                    "top": "0",
                                                    "right": "10",
                                                    "bottom": "0",
                                                    "left": "0",
                                                    "isLinked": false
                                                },
                                                "_element_width": "auto",
                                                "_element_custom_width": {
                                                    "unit": "%",
                                                    "size": "97",
                                                    "sizes": []
                                                },
                                                "__globals__": {
                                                    "typography_typography": "globals\/typography?id=text",
                                                    "text_color": "globals\/colors?id=primary"
                                                },
                                                "_element_custom_width_tablet": {
                                                    "unit": "%",
                                                    "size": "80",
                                                    "sizes": []
                                                },
                                                "_element_custom_width_mobile": {
                                                    "unit": "%",
                                                    "size": "100",
                                                    "sizes": []
                                                },
                                                "_margin_mobile": {
                                                    "unit": "px",
                                                    "top": "0",
                                                    "right": "0",
                                                    "bottom": "0",
                                                    "left": "0",
                                                    "isLinked": true
                                                },
                                                "_animation_delay": "200"
                                            },
                                            "elements": [],
                                            "isInner": false,
                                            "widgetType": "text-editor",
                                            "elType": "widget"
                                        },
                                        {
                                            "id": "53f3bed5",
                                            "settings": {
                                                "content_width": "full",
                                                "sg_social_list": [
                                                    {
                                                        "sg_social_icon": {
                                                            "value": "jki jki-facebook-f",
                                                            "library": "jkiticon"
                                                        },
                                                        "sg_social_label": "Facebook",
                                                        "_id": "6c56328",
                                                        "sg_social_normal_background_background_background": "classic",
                                                        "sg_social_hover_background_background_background": "classic",
                                                        "__globals__": {
                                                            "sg_social_normal_color": "globals\/colors?id=a567df4",
                                                            "sg_social_normal_background_background_color": "globals\/colors?id=primary",
                                                            "sg_social_hover_color": "globals\/colors?id=a567df4",
                                                            "sg_social_hover_background_background_color": "globals\/colors?id=secondary"
                                                        }
                                                    },
                                                    {
                                                        "sg_social_icon": {
                                                            "value": "fab fa-x-twitter",
                                                            "library": "fa-brands"
                                                        },
                                                        "sg_social_brand": "twitter",
                                                        "sg_social_label": "Twitter",
                                                        "_id": "3ee66d1",
                                                        "sg_social_normal_background_background_background": "classic",
                                                        "sg_social_hover_background_background_background": "classic",
                                                        "__globals__": {
                                                            "sg_social_normal_background_background_color": "globals\/colors?id=primary",
                                                            "sg_social_normal_color": "globals\/colors?id=a567df4",
                                                            "sg_social_hover_background_background_color": "globals\/colors?id=secondary",
                                                            "sg_social_hover_color": "globals\/colors?id=a567df4"
                                                        }
                                                    },
                                                    {
                                                        "sg_social_icon": {
                                                            "value": "fab fa-linkedin-in",
                                                            "library": "fa-brands"
                                                        },
                                                        "sg_social_brand": "linkedin",
                                                        "sg_social_label": "LinkedIn",
                                                        "_id": "277912e",
                                                        "sg_social_normal_background_background_background": "classic",
                                                        "sg_social_hover_background_background_background": "classic",
                                                        "__globals__": {
                                                            "sg_social_normal_background_background_color": "globals\/colors?id=primary",
                                                            "sg_social_normal_color": "globals\/colors?id=a567df4",
                                                            "sg_social_hover_background_background_color": "globals\/colors?id=secondary",
                                                            "sg_social_hover_color": "globals\/colors?id=a567df4"
                                                        }
                                                    },
                                                    {
                                                        "_id": "adba376",
                                                        "sg_social_icon": {
                                                            "value": "jki jki-whatsapp-1-light",
                                                            "library": "jkiticon"
                                                        },
                                                        "sg_social_brand": "whatsapp",
                                                        "sg_social_label": "Whatsapp",
                                                        "sg_social_normal_background_background_background": "classic",
                                                        "sg_social_hover_background_background_background": "classic",
                                                        "__globals__": {
                                                            "sg_social_normal_background_background_color": "globals\/colors?id=primary",
                                                            "sg_social_normal_color": "globals\/colors?id=a567df4",
                                                            "sg_social_hover_background_background_color": "globals\/colors?id=secondary",
                                                            "sg_social_hover_color": "globals\/colors?id=a567df4"
                                                        }
                                                    }
                                                ],
                                                "st_social_padding_responsive": {
                                                    "unit": "px",
                                                    "top": "3",
                                                    "right": "10",
                                                    "bottom": "7",
                                                    "left": "10",
                                                    "isLinked": false
                                                }
                                            },
                                            "elements": [],
                                            "isInner": false,
                                            "widgetType": "jkit_social_share",
                                            "elType": "widget"
                                        }
                                    ],
                                    "isInner": true,
                                    "elType": "container"
                                }
                            ],
                            "isInner": true,
                            "elType": "container"
                        },
                        {
                            "id": "7b51e490",
                            "settings": {
                                "width": {
                                    "unit": "px",
                                    "size": 1000,
                                    "sizes": []
                                },
                                "width_tablet": {
                                    "unit": "px",
                                    "size": 730,
                                    "sizes": []
                                },
                                "width_mobile": {
                                    "unit": "%",
                                    "size": 94,
                                    "sizes": []
                                },
                                "align": "center",
                                "text": "Divider",
                                "_margin": {
                                    "unit": "px",
                                    "top": "0",
                                    "right": "0",
                                    "bottom": "20",
                                    "left": "0",
                                    "isLinked": false
                                },
                                "__globals__": {
                                    "color": "globals\/colors?id=659f957"
                                },
                                "_margin_tablet": {
                                    "unit": "px",
                                    "top": "0",
                                    "right": "0",
                                    "bottom": "10",
                                    "left": "0",
                                    "isLinked": false
                                },
                                "_margin_mobile": {
                                    "unit": "px",
                                    "top": "10",
                                    "right": "0",
                                    "bottom": "10",
                                    "left": "0",
                                    "isLinked": false
                                }
                            },
                            "elements": [],
                            "isInner": false,
                            "widgetType": "divider",
                            "elType": "widget"
                        },
                        {
                            "id": "49dc5f3d",
                            "settings": {
                                "width": {
                                    "unit": "%",
                                    "size": 80,
                                    "sizes": []
                                },
                                "margin_mobile": {
                                    "unit": "px",
                                    "top": "0",
                                    "right": 0,
                                    "bottom": "0",
                                    "left": 0,
                                    "isLinked": false
                                },
                                "padding_mobile": {
                                    "unit": "px",
                                    "top": "0",
                                    "right": "0",
                                    "bottom": "0",
                                    "left": "0",
                                    "isLinked": false
                                },
                                "flex_direction": "column",
                                "flex_gap": {
                                    "size": 10,
                                    "column": "10",
                                    "row": "10",
                                    "unit": "px",
                                    "isLinked": true
                                },
                                "content_width": "full",
                                "width_laptop": {
                                    "unit": "%",
                                    "size": "",
                                    "sizes": []
                                },
                                "width_tablet": {
                                    "unit": "%",
                                    "size": 100,
                                    "sizes": []
                                },
                                "width_mobile": {
                                    "unit": "%",
                                    "size": 95,
                                    "sizes": []
                                }
                            },
                            "elements": [
                                {
                                    "id": "270f1bc5",
                                    "settings": {
                                        "content_width": "full",
                                        "title": "Related Post",
                                        "_margin": {
                                            "unit": "px",
                                            "top": "0",
                                            "right": "0",
                                            "bottom": "20",
                                            "left": "0",
                                            "isLinked": false
                                        },
                                        "__globals__": {
                                            "typography_typography": "globals\/typography?id=db1e030",
                                            "title_color": "globals\/colors?id=primary"
                                        }
                                    },
                                    "elements": [],
                                    "isInner": false,
                                    "widgetType": "heading",
                                    "elType": "widget"
                                },
                                {
                                    "id": "75ec0b9d",
                                    "settings": {
                                        "content_width": "full",
                                        "sg_content_postblock_type": "type-3",
                                        "sg_content_image_size_imagesize_size": "full",
                                        "sg_content_column_responsive": {
                                            "unit": "px",
                                            "size": 3,
                                            "sizes": []
                                        },
                                        "sg_content_excerpt_enable": "",
                                        "sg_content_excerpt_length": {
                                            "unit": "px",
                                            "size": 10,
                                            "sizes": []
                                        },
                                        "sg_content_excerpt_more": "...",
                                        "sg_content_readmore_icon": {
                                            "value": "",
                                            "library": ""
                                        },
                                        "sg_content_readmore_text": "Read More",
                                        "sg_content_comment_enable": "",
                                        "sg_content_meta_author_by_text": "",
                                        "sg_content_meta_author_icon": {
                                            "value": "",
                                            "library": ""
                                        },
                                        "sg_content_meta_date_format_custom": "F j, Y",
                                        "sg_content_meta_date_icon": {
                                            "value": "",
                                            "library": ""
                                        },
                                        "pagination_prev_text": "Previous",
                                        "pagination_next_text": "Next",
                                        "pagination_loadmore_text": "Load More",
                                        "pagination_loading_text": "Loading...",
                                        "st_category_position": "left",
                                        "st_category_padding_responsive": {
                                            "unit": "px",
                                            "top": "15",
                                            "right": "15",
                                            "bottom": "10",
                                            "left": "15",
                                            "isLinked": false
                                        },
                                        "st_category_margin_responsive": {
                                            "unit": "px",
                                            "top": "0",
                                            "right": "0",
                                            "bottom": "0",
                                            "left": "0",
                                            "isLinked": false
                                        },
                                        "st_category_border_radius_responsive": {
                                            "unit": "px",
                                            "top": "0",
                                            "right": "9",
                                            "bottom": "0",
                                            "left": "0",
                                            "isLinked": false
                                        },
                                        "st_readmore_padding_responsive": {
                                            "unit": "px",
                                            "top": "10",
                                            "right": "25",
                                            "bottom": "10",
                                            "left": "25",
                                            "isLinked": false
                                        },
                                        "st_readmore_margin_responsive": {
                                            "unit": "px",
                                            "top": "0",
                                            "right": "0",
                                            "bottom": "0",
                                            "left": "0",
                                            "isLinked": false
                                        },
                                        "st_readmore_normal_background_background_background": "classic",
                                        "st_readmore_normal_border_radius_responsive": {
                                            "unit": "px",
                                            "top": "0",
                                            "right": "0",
                                            "bottom": "0",
                                            "left": "0",
                                            "isLinked": false
                                        },
                                        "st_readmore_hover_background_background_background": "classic",
                                        "st_nocontent_text": "No Content Available",
                                        "__globals__": {
                                            "st_title_normal_typography_content_typography_typography": "globals\/typography?id=db1e030",
                                            "st_meta_typography_content_typography_typography": "globals\/typography?id=bf0e125",
                                            "st_meta_color_responsive": "globals\/colors?id=accent",
                                            "st_title_normal_color_responsive": "globals\/colors?id=primary",
                                            "st_category_typography_content_typography_typography": "globals\/typography?id=bf0e125",
                                            "st_category_color_responsive": "globals\/colors?id=primary",
                                            "st_readmore_typography_content_typography_typography": "globals\/typography?id=accent",
                                            "st_readmore_normal_color_responsive": "globals\/colors?id=a567df4",
                                            "st_readmore_normal_background_background_color": "globals\/colors?id=22a542e",
                                            "st_readmore_hover_background_background_color": "globals\/colors?id=primary",
                                            "st_readmore_hover_color_responsive": "globals\/colors?id=a567df4",
                                            "st_meta_author_name_typography_content_typography_typography": "globals\/typography?id=bf0e125",
                                            "st_meta_author_name_color_responsive": "globals\/colors?id=accent",
                                            "st_category_background_background_color": "globals\/colors?id=a567df4"
                                        },
                                        "sg_content_column_responsive_tablet": {
                                            "unit": "px",
                                            "size": 2,
                                            "sizes": []
                                        },
                                        "sg_content_column_responsive_mobile": {
                                            "unit": "px",
                                            "size": 1,
                                            "sizes": []
                                        },
                                        "sg_content_element_order": "title,excerpt,meta",
                                        "sg_content_readmore_enable": "",
                                        "st_thumbnail_container_height_responsive_laptop": {
                                            "unit": "px",
                                            "size": 250,
                                            "sizes": []
                                        },
                                        "st_thumbnail_container_height_responsive_tablet": {
                                            "unit": "px",
                                            "size": 250,
                                            "sizes": []
                                        },
                                        "st_post_item_gap_responsive": {
                                            "unit": "px",
                                            "size": 50,
                                            "sizes": []
                                        },
                                        "st_post_item_margin_responsive": {
                                            "unit": "px",
                                            "top": "0",
                                            "right": "0",
                                            "bottom": "40",
                                            "left": "0",
                                            "isLinked": false
                                        },
                                        "st_title_margin_responsive": {
                                            "unit": "px",
                                            "top": "0",
                                            "right": "0",
                                            "bottom": "0",
                                            "left": "0",
                                            "isLinked": false
                                        },
                                        "st_meta_margin_responsive": {
                                            "unit": "px",
                                            "top": "0",
                                            "right": "0",
                                            "bottom": "0",
                                            "left": "0",
                                            "isLinked": false
                                        },
                                        "st_thumbnail_border_radius_responsive": {
                                            "unit": "px",
                                            "top": "9",
                                            "right": "9",
                                            "bottom": "9",
                                            "left": "0",
                                            "isLinked": false
                                        },
                                        "include_post": "632,640,646",
                                        "st_category_background_background_background": "classic"
                                    },
                                    "elements": [],
                                    "isInner": false,
                                    "widgetType": "jkit_post_block",
                                    "elType": "widget"
                                }
                            ],
                            "isInner": true,
                            "elType": "container"
                        }
                    ],
                    "isInner": true,
                    "elType": "container"
                }
            ],
            "isInner": false,
            "elType": "container"
        }
    ]
}